,message_flight.centre,message_flight.source,message_flight.system,message_flight.timestamp,message_flight_arrival.arrivalPoint,message_flight_arrival_runwayPositionAndTime_runwayTime_estimated.time,message_flight_arrival_runwayPositionAndTime_runwayTime_estimated,message_flight_controllingUnit.unitIdentifier,message_flight_controllingUnit.sectorIdentifier,message_flight_controllingUnit,message_flight_departure.departurePoint,message_flight_departure_runwayPositionAndTime_runwayTime_actual.time,message_flight_departure_runwayPositionAndTime_runwayTime_actual,message_flight_enRoute_position.targetPositionTime,message_flight_enRoute_position.positionTime,message_flight_enRoute_position.reportSource,message_flight_enRoute_position_actualSpeed_surveillance.uom,message_flight_enRoute_position_actualSpeed_surveillance,message_flight_enRoute_position_altitude.uom,message_flight_enRoute_position_altitude,message_flight_enRoute_position_position_location.srsName,message_flight_enRoute_position_position_location_pos,message_flight_enRoute_position_targetAltitude.uom,message_flight_enRoute_position_targetAltitude,message_flight_enRoute_position_targetPosition.srsName,message_flight_enRoute_position_targetPosition_pos,message_flight_enRoute_position_trackVelocity_x.uom,message_flight_enRoute_position_trackVelocity_x,message_flight_enRoute_position_trackVelocity_y.uom,message_flight_enRoute_position_trackVelocity_y,message_flight_flightIdentification.computerId,message_flight_flightIdentification.siteSpecificPlanId,message_flight_flightIdentification.aircraftIdentification,message_flight_flightIdentification,message_flight_flightStatus.fdpsFlightStatus,message_flight_flightStatus,message_flight_gufi.codeSpace,message_flight_gufi,message_flight_operator_operatingOrganization_organization.name,message_flight_operator_operatingOrganization_organization,message_flight_supplementalData_additionalFlightInformation_nameValue.name,message_flight_supplementalData_additionalFlightInformation_nameValue.value,message_flight_supplementalData_additionalFlightInformation_nameValue,message_flight_supplementalData_additionalFlightInformation_nameValue[1].name,message_flight_supplementalData_additionalFlightInformation_nameValue[1].value,message_flight_supplementalData_additionalFlightInformation_nameValue[1],message_flight_supplementalData_additionalFlightInformation_nameValue[2].name,message_flight_supplementalData_additionalFlightInformation_nameValue[2].value,message_flight_supplementalData_additionalFlightInformation_nameValue[2],message_flight_supplementalData_additionalFlightInformation_nameValue[3].name,message_flight_supplementalData_additionalFlightInformation_nameValue[3].value,message_flight_supplementalData_additionalFlightInformation_nameValue[3],message_flight_supplementalData_additionalFlightInformation_nameValue[4].name,message_flight_supplementalData_additionalFlightInformation_nameValue[4].value,message_flight_supplementalData_additionalFlightInformation_nameValue[4],message_flight_supplementalData_additionalFlightInformation_nameValue[5].name,message_flight_supplementalData_additionalFlightInformation_nameValue[5].value,message_flight_supplementalData_additionalFlightInformation_nameValue[5],message_flight_supplementalData_additionalFlightInformation_nameValue[6].name,message_flight_supplementalData_additionalFlightInformation_nameValue[6].value,message_flight_supplementalData_additionalFlightInformation_nameValue[6],message_flight_supplementalData_additionalFlightInformation_nameValue[7].name,message_flight_supplementalData_additionalFlightInformation_nameValue[7].value,message_flight_supplementalData_additionalFlightInformation_nameValue[7],message_flight_supplementalData_additionalFlightInformation_nameValue[8].name,message_flight_supplementalData_additionalFlightInformation_nameValue[8].value,message_flight_supplementalData_additionalFlightInformation_nameValue[8],message_flight_supplementalData_additionalFlightInformation_nameValue[9].name,message_flight_supplementalData_additionalFlightInformation_nameValue[9].value,message_flight_supplementalData_additionalFlightInformation_nameValue[9],message_flight_assignedAltitude_simple.uom,message_flight_assignedAltitude_simple,message_flight_flightPlan.identifier,message_flight_flightPlan,message_flight_enRoute_boundaryCrossings_handoff_receivingUnit.unitIdentifier,message_flight_enRoute_boundaryCrossings_handoff_receivingUnit.sectorIdentifier,message_flight_enRoute_boundaryCrossings_handoff_receivingUnit,message_flight_departure,message_flight_arrival
0,ZKC,TH,SLC,2024-01-26T02:51:26.953Z,KSTL,2024-01-26T04:05:00Z,NaN,ZKC,22,NaN,KLAS,2024-01-26T01:27:00Z,NaN,2024-01-26T02:51:26Z,2024-01-26T02:51:25Z,SURVEILLANCE,KNOTS,466.0,FEET,37000.0,urn:ogc:def:crs:EPSG::4326,37.520833 -101.8525,FEET,37000.0,urn:ogc:def:crs:EPSG::4326,37.521111 -101.8525,KNOTS,461.0,KNOTS,82.0,616,119,SWA2637,NaN,ACTIVE,NaN,urn:uuid,b44ad4cb-46d8-4f62-aafa-72a24d8a7f95,SWA,NaN,MSG_SEQ_NO,49011578,NaN,FDPS_GUFI,us.fdps.2024-01-25T23:14:40Z.000/11/500,NaN,FLIGHT_PLAN_SEQ_NO,6,NaN,SOURCE_TIME_AND_SEQ,0251266103,NaN,SOURCE_TIME,02_51_26,NaN,ADSB_POS_174A,37.521111/-101.8525,NaN,ADSB_ALT_175A,37000.0,NaN,ADSB_VEL_176A,+461/+82,NaN,ADSB_TIME_177A,2024-01-26T02:51:25Z,NaN,ADSB_02M_52B,-ABC7A3,NaN,FEET,37000.0,KL83680500,NaN,,,,,
1,ZKC,TH,SLC,2024-01-26T02:51:26.953Z,KXNA,2024-01-26T03:05:00Z,NaN,SGF,1S,NaN,KLGA,2024-01-26T00:06:00Z,NaN,2024-01-26T02:51:20Z,2024-01-26T02:51:20Z,SURVEILLANCE,KNOTS,334.0,FEET,16100.0,urn:ogc:def:crs:EPSG::4326,36.538889 -93.239444,FEET,16100.0,urn:ogc:def:crs:EPSG::4326,36.538889 -93.239167,KNOTS,-318.0,KNOTS,-93.0,012,38,RPA4799,NaN,ACTIVE,NaN,urn:uuid,f9c997da-99de-496c-a758-a476de642ac4,RPA,NaN,MSG_SEQ_NO,49011574,NaN,FDPS_GUFI,us.fdps.2024-01-25T22:28:51Z.000/13/500,NaN,FLIGHT_PLAN_SEQ_NO,12,NaN,SOURCE_TIME_AND_SEQ,0251266103,NaN,SOURCE_TIME,02_51_26,NaN,ADSB_POS_174A,36.538889/-93.239167,NaN,ADSB_ALT_175A,16100.0,NaN,ADSB_VEL_176A,-318/-93,NaN,ADSB_TIME_177A,2024-01-26T02:51:20Z,NaN,ADSB_02M_52B,-A4BDB9,NaN,FEET,10000.0,KN80931500,NaN,,,,,
2,ZKC,TH,SLC,2024-01-26T02:51:26.953Z,KOKC,2024-01-26T04:04:00Z,NaN,ZKC,50,NaN,KORD,2024-01-26T02:13:00Z,NaN,2024-01-26T02:51:18Z,2024-01-26T02:51:18Z,SURVEILLANCE,KNOTS,349.0,FEET,32000.0,urn:ogc:def:crs:EPSG::4326,39.212222 -90.053889,FEET,32000.0,urn:ogc:def:crs:EPSG::4326,39.2125 -90.053611,KNOTS,-244.0,KNOTS,-257.0,841,228,SKW4741,NaN,ACTIVE,NaN,urn:uuid,7e5bbc48-19a1-471c-a55f-ca0b4ebab055,SKW,NaN,MSG_SEQ_NO,49011579,NaN,FDPS_GUFI,us.fdps.2024-01-26T00:36:44Z.000/06/600,NaN,FLIGHT_PLAN_SEQ_NO,5,NaN,SOURCE_TIME_AND_SEQ,0251266103,NaN,SOURCE_TIME,02_51_26,NaN,ADSB_POS_174A,39.2125/-90.053611,NaN,ADSB_ALT_175A,32000.0,NaN,ADSB_VEL_176A,-244/-257,NaN,ADSB_TIME_177A,2024-01-26T02:51:18Z,NaN,ADSB_02M_52B,-A0F70C,NaN,FEET,32000.0,KG02204600,NaN,,,,,
3,ZKC,TH,SLC,2024-01-26T02:51:26.953Z,KRAP,2024-01-26T03:59:00Z,NaN,ZKC,06,NaN,KDFW,2024-01-26T02:10:00Z,NaN,2024-01-26T02:51:18Z,2024-01-26T02:51:18Z,SURVEILLANCE,KNOTS,461.0,FEET,36000.0,urn:ogc:def:crs:EPSG::4326,36.914444 -98.725833,FEET,36000.0,urn:ogc:def:crs:EPSG::4326,36.914444 -98.725833,KNOTS,-206.0,KNOTS,415.0,369,17,ENY3567,NaN,ACTIVE,NaN,urn:uuid,12b714af-42c0-4585-a023-5afd2833b4d0,ENY,NaN,MSG_SEQ_NO,49011580,NaN,FDPS_GUFI,us.fdps.2024-01-26T00:15:17Z.000/05/600,NaN,FLIGHT_PLAN_SEQ_NO,5,NaN,SOURCE_TIME_AND_SEQ,0251266103,NaN,SOURCE_TIME,02_51_26,NaN,ADSB_POS_174A,36.914444/-98.725833,NaN,ADSB_ALT_175A,36000.0,NaN,ADSB_VEL_176A,-206/+415,NaN,ADSB_TIME_177A,2024-01-26T02:51:18Z,NaN,ADSB_02M_52B,-A29DEE,NaN,FEET,36000.0,KF00917600,NaN,,,,,
4,ZKC,TH,SLC,2024-01-26T02:51:26.953Z,RJBB,2024-01-26T16:13:00Z,NaN,ZKC,50,NaN,KATL,2024-01-26T01:53:00Z,NaN,2024-01-26T02:51:17Z,2024-01-26T02:51:17Z,SURVEILLANCE,KNOTS,467.0,FEET,30000.0,urn:ogc:def:crs:EPSG::4326,39.306111 -90.245556,FEET,30000.0,urn:ogc:def:crs:EPSG::4326,39.306111 -90.245556,KNOTS,-327.0,KNOTS,337.0,273,302,EVA667,NaN,ACTIVE,NaN,urn:uuid,069ba765-842f-4c14-9f32-3b8e0d57b7b3,EVA,NaN,MSG_SEQ_NO,49011582,NaN,FDPS_GUFI,us.fdps.2024-01-25T21:30:34Z.000/19/500,NaN,FLIGHT_PLAN_SEQ_NO,6,NaN,SOURCE_TIME_AND_SEQ,0251266103,NaN,SOURCE_TIME,02_51_26,NaN,ADSB_POS_174A,39.306111/-90.245556,NaN,ADSB_ALT_175A,30000.0,NaN,ADSB_VEL_176A,-327/+337,NaN,ADSB_TIME_177A,2024-01-26T02:51:17Z,NaN,ADSB_02M_52B,-899121,NaN,FEET,30000.0,KT77434500,NaN,,,,,
5,ZKC,TH,SLC,2024-01-26T02:51:26.953Z,KSTL,2024-01-26T02:52:00Z,NaN,STL,1N,NaN,KDCA,2024-01-26T01:03:00Z,NaN,2024-01-26T02:51:19Z,2024-01-26T02:51:20Z,SURVEILLANCE,KNOTS,127.0,FEET,1500.0,urn:ogc:def:crs:EPSG::4326,38.715833 -90.293889,FEET,1500.0,urn:ogc:def:crs:EPSG::4326,38.715833 -90.293611,KNOTS,-107.0,KNOTS,68.0,114,337,AAL657,NaN,ACTIVE,NaN,urn:uuid,a7ae7159-3774-475e-bf99-375907ccae68,AAL,NaN,MSG_SEQ_NO,49011584,NaN,FDPS_GUFI,us.fdps.2024-01-25T23:37:17Z.000/22/500,NaN,FLIGHT_PLAN_SEQ_NO,10,NaN,SOURCE_TIME_AND_SEQ,0251266103,NaN,SOURCE_TIME,02_51_26,NaN,ADSB_02M_52B,-A977D4,NaN,,,,,,,,,,,,,FEET,9000.0,KW85037500,NaN,,,,,
6,ZKC,TH,SLC,2024-01-26T02:51:26.953Z,KLAX,2024-01-26T05:01:00Z,NaN,ZKC,22,NaN,KMEM,2024-01-26T01:29:00Z,NaN,2024-01-26T02:51:23Z,2024-01-26T02:51:23Z,SURVEILLANCE,KNOTS,432.0,FEET,38000.0,urn:ogc:def:crs:EPSG::4326,37.024167 -100.739722,FEET,38000.0,urn:ogc:def:crs:EPSG::4326,37.024167 -100.739722,KNOTS,-433.0,KNOTS,47.0,002,277,DAL913,NaN,ACTIVE,NaN,urn:uuid,41c82d82-c1f9-4816-8729-4f53f6fa8317,DAL,NaN,MSG_SEQ_NO,49011588,NaN,FDPS_GUFI,us.fdps.2024-01-26T00:10:02Z.000/12/600,NaN,FLIGHT_PLAN_SEQ_NO,8,NaN,SOURCE_TIME_AND_SEQ,0251266103,NaN,SOURCE_TIME,02_51_26,NaN,ADSB_POS_174A,37.024167/-100.739722,NaN,ADSB_ALT_175A,38000.0,NaN,ADSB_VEL_176A,-433/+47,NaN,ADSB_TIME_177A,2024-01-26T02:51:23Z,NaN,ADSB_02M_52B,-A44262,NaN,FEET,38000.0,KM00602600,NaN,,,,,
7,ZKC,TH,SLC,2024-01-26T02:51:26.953Z,KDEN,2024-01-26T04:41:00Z,NaN,ZKC,98,NaN,KIND,2024-01-26T02:26:00Z,NaN,2024-01-26T02:51:22Z,2024-01-26T02:51:22Z,SURVEILLANCE,KNOTS,351.0,FEET,38000.0,urn:ogc:def:crs:EPSG::4326,39.654444 -88.871111,FEET,38000.0,urn:ogc:def:crs:EPSG::4326,39.654444 -88.871111,KNOTS,-345.0,KNOTS,66.0,230,318,SWA4119,NaN,ACTIVE,NaN,urn:uuid,fc5ec932-42a0-4b73-9e95-e80714fff939,SWA,NaN,MSG_SEQ_NO,49011586,NaN,FDPS_GUFI,us.fdps.2024-01-26T00:31:15Z.000/08/600,NaN,FLIGHT_PLAN_SEQ_NO,9,NaN,SOURCE_TIME_AND_SEQ,0251266103,NaN,SOURCE_TIME,02_51_26,NaN,ADSB_POS_174A,39.654444/-88.871111,NaN,ADSB_ALT_175A,38000.0,NaN,ADSB_VEL_176A,-345/+66,NaN,ADSB_TIME_177A,2024-01-26T02:51:22Z,NaN,ADSB_02M_52B,-A30A0E,NaN,FEET,38000.0,KI01875600,NaN,,,,,
8,ZKC,TH,SLC,2024-01-26T02:51:26.953Z,KMCI,2024-01-26T03:09:00Z,NaN,ZKC,44,NaN,KSAN,2024-01-26T00:30:00Z,NaN,2024-01-26T02:51:15Z,2024-01-26T02:51:14Z,SURVEILLANCE,KNOTS,447.0,FEET,23300.0,urn:ogc:def:crs:EPSG::4326,38.387222 -96.005278,FEET,23300.0,urn:ogc:def:crs:EPSG::4326,38.387222 -96.005278,KNOTS,331.0,KNOTS,301.0,337,67,SWA4642,NaN,ACTIVE,NaN,urn:uuid,45877744-f7f6-4d51-b9b3-81124a6784e4,SWA,NaN,MSG_SEQ_NO,49011587,NaN,FDPS_GUFI,us.fdps.2024-01-25T22:42:36Z.000/11/500,NaN,FLIGHT_PLAN_SEQ_NO,11,NaN,SOURCE_TIME_AND_SEQ,0251266103,NaN,SOURCE_TIME,02_51_26,NaN,ADSB_02M_52B,-A513EA,NaN,,,,,,,,,,,,,FEET,12000.0,KL81756500,NaN,,,,,
9,ZKC,TH,SLC,2024-01-26T02:51:26.953Z,CYYZ,2024-01-26T03:51:00Z,NaN,ZKC,12,NaN,KDFW,2024-01-26T01:44:00Z,NaN,2024-01-26T02:51:18Z,2024-01-26T02:51:18Z,SURVEILLANCE,KNOTS,506.0,FEET,31000.0,urn:ogc:def:crs:EPSG::4326,39.059444 -90.100556,FEET,31000.0,urn:ogc:def:crs:EPSG::4326,39.059444 -90.100556,KNOTS,423.0,KNOTS,282.0,919,52,ENY3804,NaN,ACTIVE,NaN,urn:uuid,ea3a7e4c-f3dc-45a1-bef7-32cdc4c24d6b,ENY,NaN,MSG_SEQ_NO,49011583,NaN,FDPS_GUFI,us.fdps.2024-01-25T23:38:17Z.000/05/500,NaN,FLIGHT_PLAN_SEQ_NO,6,NaN,SOURCE_TIME_AND_SEQ,0251266103,NaN,SOURCE_TIME,02_51_26,NaN,ADSB_POS_174A,39.059444/-90.100556,NaN,ADSB_ALT_175A,31000.0,NaN,ADSB_VEL_176A,+423/+282,NaN,ADSB_TIME_177A,2024-01-26T02:51:18Z,NaN,ADSB_02M_52B,-A32056,NaN,FEET,31000.0,KF85097500,NaN,,,,,
10,ZKC,TH,SLC,2024-01-26T02:51:26.953Z,CYYZ,2024-01-26T04:12:00Z,NaN,ZKC,30,NaN,KLAX,2024-01-26T00:12:00Z,NaN,2024-01-26T02:51:24Z,2024-01-26T02:51:23Z,SURVEILLANCE,KNOTS,505.0,FEET,35000.0,urn:ogc:def:crs:EPSG::4326,38.494444 -94.023333,FEET,35000.0,urn:ogc:def:crs:EPSG::4326,38.494444 -94.022778,KNOTS,486.0,KNOTS,136.0,828,200,ACA792,NaN,ACTIVE,NaN,urn:uuid,8e425076-9366-4b7b-b181-48d8c8e3b355,ACA,NaN,MSG_SEQ_NO,49011589,NaN,FDPS_GUFI,us.fdps.2024-01-25T20:20:49Z.000/11/500,NaN,FLIGHT_PLAN_SEQ_NO,11,NaN,SOURCE_TIME_AND_SEQ,0251266103,NaN,SOURCE_TIME,02_51_26,NaN,ADSB_02M_52B,-C05BCF,NaN,,,,,,,,,,,,,FEET,35000.0,KL73249500,NaN,,,,,
11,ZKC,TH,SLC,2024-01-26T02:51:26.953Z,KMCI,2024-01-26T03:13:00Z,NaN,ZKC,44,NaN,KORD,2024-01-26T02:07:00Z,NaN,2024-01-26T02:51:21Z,2024-01-26T02:51:22Z,SURVEILLANCE,KNOTS,377.0,FEET,20000.0,urn:ogc:def:crs:EPSG::4326,40.067778 -92.996944,FEET,20000.0,urn:ogc:def:crs:EPSG::4326,40.067778 -92.996944,KNOTS,-318.0,KNOTS,-203.0,022,116,RPA4296,NaN,ACTIVE,NaN,urn:uuid,f0dbcd58-0300-485d-b01e-9b1cc642f118,RPA,NaN,MSG_SEQ_NO,49011602,NaN,FDPS_GUFI,us.fdps.2024-01-25T23:16:00Z.000/06/500,NaN,FLIGHT_PLAN_SEQ_NO,10,NaN,SOURCE_TIME_AND_SEQ,0251266103,NaN,SOURCE_TIME,02_51_26,NaN,ADSB_POS_174A,40.067778/-92.996944,NaN,ADSB_ALT_175A,20000.0,NaN,ADSB_VEL_176A,-318/-203,NaN,ADSB_TIME_177A,2024-01-26T02:51:22Z,NaN,ADSB_02M_52B,-A52CC8,NaN,FEET,12000.0,KG83760500,NaN,,,,,
12,ZKC,TH,SLC,2024-01-26T02:51:26.953Z,CYYC,2024-01-26T05:41:00Z,NaN,ZKC,06,NaN,KDFW,2024-01-26T02:23:00Z,NaN,2024-01-26T02:51:21Z,2024-01-26T02:51:21Z,SURVEILLANCE,KNOTS,470.0,FEET,36000.0,urn:ogc:def:crs:EPSG::4326,35.625833 -97.770556,FEET,36000.0,urn:ogc:def:crs:EPSG::4326,35.625833 -97.770556,KNOTS,-209.0,KNOTS,421.0,959,214,AAL2520,NaN,ACTIVE,NaN,urn:uuid,13dc6876-38da-4ba9-913a-365519bc8fab,AAL,NaN,MSG_SEQ_NO,49011599,NaN,FDPS_GUFI,us.fdps.2024-01-26T00:39:23Z.000/05/600,NaN,FLIGHT_PLAN_SEQ_NO,4,NaN,SOURCE_TIME_AND_SEQ,0251266103,NaN,SOURCE_TIME,02_51_26,NaN,ADSB_02M_52B,-AB184D,NaN,,,,,,,,,,,,,FEET,36000.0,KF02363600,NaN,,,,,
13,ZKC,TH,SLC,2024-01-26T02:51:26.953Z,KORD,2024-01-26T04:11:00Z,NaN,ZKC,06,NaN,KPHX,2024-01-26T01:23:00Z,NaN,2024-01-26T02:51:19Z,2024-01-26T02:51:19Z,SURVEILLANCE,KNOTS,473.0,FEET,35000.0,urn:ogc:def:crs:EPSG::4326,38.131944 -100.098056,FEET,35000.0,urn:ogc:def:crs:EPSG::4326,38.131944 -100.097778,KNOTS,436.0,KNOTS,184.0,888,321,AAL435,NaN,ACTIVE,NaN,urn:uuid,91b08e2e-3a38-4390-8a53-9a7d56def0c6,AAL,NaN,MSG_SEQ_NO,49011603,NaN,FDPS_GUFI,us.fdps.2024-01-26T00:04:18Z.000/00/600,NaN,FLIGHT_PLAN_SEQ_NO,2,NaN,SOURCE_TIME_AND_SEQ,0251266103,NaN,SOURCE_TIME,02_51_26,NaN,ADSB_02M_52B,-A1515B,NaN,,,,,,,,,,,,,FEET,35000.0,KA00258600,NaN,,,,,
14,ZKC,TH,SLC,2024-01-26T02:51:26.953Z,KSMF,2024-01-26T06:19:00Z,NaN,ZKC,30,NaN,KCLT,2024-01-26T01:18:00Z,NaN,2024-01-26T02:51:26Z,2024-01-26T02:51:26Z,SURVEILLANCE,KNOTS,370.0,FEET,26000.0,urn:ogc:def:crs:EPSG::4326,38.024444 -92.894722,FEET,26000.0,urn:ogc:def:crs:EPSG::4326,38.024444 -92.894167,KNOTS,-362.0,KNOTS,74.0,213,338,AAL2446,NaN,ACTIVE,NaN,urn:uuid,6bfb2b40-4427-4415-b7d3-9537fcc60168,AAL,NaN,MSG_SEQ_NO,49011607,NaN,FDPS_GUFI,us.fdps.2024-01-25T23:37:24Z.000/19/500,NaN,FLIGHT_PLAN_SEQ_NO,8,NaN,SOURCE_TIME_AND_SEQ,0251266103,NaN,SOURCE_TIME,02_51_26,NaN,ADSB_02M_52B,-A0D19E,NaN,,,,,,,,,,,,,FEET,26000.0,KT85044500,NaN,,,,,
15,ZKC,TH,SLC,2024-01-26T02:51:26.953Z,KDEN,2024-01-26T03:44:00Z,NaN,ZKC,22,NaN,KMCO,2024-01-26T00:18:00Z,NaN,2024-01-26T02:51:20Z,2024-01-26T02:51:20Z,SURVEILLANCE,KNOTS,438.0,FEET,32000.0,urn:ogc:def:crs:EPSG::4326,37.629167 -99.600278,FEET,32000.0,urn:ogc:def:crs:EPSG::4326,37.629444 -99.601111,KNOTS,-406.0,KNOTS,162.0,799,98,SWA2953,NaN,ACTIVE,NaN,urn:uuid,c4d2cd1b-673d-45de-bf22-26c9c50681db,SWA,NaN,MSG_SEQ_NO,49011608,NaN,FDPS_GUFI,us.fdps.2024-01-25T21:55:04Z.000/09/500,NaN,FLIGHT_PLAN_SEQ_NO,15,NaN,SOURCE_TIME_AND_SEQ,0251266103,NaN,SOURCE_TIME,02_51_26,NaN,ADSB_02M_52B,-A1AA4E,NaN,,,,,,,,,,,,,FEET,32000.0,KJ78904500,NaN,,,,,
16,ZKC,TH,SLC,2024-01-26T02:51:26.953Z,KIXD,2024-01-26T02:54:00Z,NaN,MCI,1E,NaN,KBZN,2024-01-26T00:09:00Z,NaN,2024-01-26T02:51:25Z,2024-01-26T02:51:24Z,SURVEILLANCE,KNOTS,287.0,FEET,5500.0,urn:ogc:def:crs:EPSG::4326,38.797222 -95.033056,FEET,5600.0,urn:ogc:def:crs:EPSG::4326,38.797222 -95.033056,KNOTS,57.0,KNOTS,-280.0,826,174,N72EN,NaN,ACTIVE,NaN,urn:uuid,bf520652-4edb-4f44-930b-6772b803ad2e,,,MSG_SEQ_NO,49011604,NaN,FDPS_GUFI,us.fdps.2024-01-25T23:43:06Z.000/20/500,NaN,FLIGHT_PLAN_SEQ_NO,12,NaN,SOURCE_TIME_AND_SEQ,0251266103,NaN,SOURCE_TIME,02_51_26,NaN,ADSB_POS_174A,38.797222/-95.033056,NaN,ADSB_ALT_175A,5600.0,NaN,ADSB_VEL_176A,+57/-280,NaN,ADSB_TIME_177A,2024-01-26T02:51:24Z,NaN,ADSB_02M_52B,-A9A1A4,NaN,FEET,6000.0,KU85386500,NaN,,,,,
17,ZKC,TH,SLC,2024-01-26T02:51:27.093Z,KSTL,2024-01-26T02:52:00Z,NaN,STL,1N,NaN,KPHX,2024-01-26T00:28:00Z,NaN,2024-01-26T02:51:22Z,2024-01-26T02:51:22Z,SURVEILLANCE,KNOTS,270.0,FEET,6100.0,urn:ogc:def:crs:EPSG::4326,38.637778 -90.370278,FEET,6100.0,urn:ogc:def:crs:EPSG::4326,38.637778 -90.37,KNOTS,226.0,KNOTS,-143.0,254,133,SWA738,NaN,ACTIVE,NaN,urn:uuid,06a9ff66-4848-4bb1-80ed-10a5843d45e0,SWA,NaN,MSG_SEQ_NO,49011614,NaN,FDPS_GUFI,us.fdps.2024-01-25T22:15:18Z.000/00/500,NaN,FLIGHT_PLAN_SEQ_NO,6,NaN,SOURCE_TIME_AND_SEQ,0251266104,NaN,SOURCE_TIME,02_51_26,NaN,ADSB_POS_174A,38.637778/-90.37,NaN,ADSB_ALT_175A,6100.0,NaN,ADSB_VEL_176A,+226/-143,NaN,ADSB_TIME_177A,2024-01-26T02:51:22Z,NaN,ADSB_02M_52B,-AAA28D,NaN,FEET,11000.0,KA80118500,NaN,,,,,
18,ZKC,TH,SLC,2024-01-26T02:51:26.953Z,KCVG,2024-01-26T03:46:00Z,NaN,ZKC,50,NaN,KDEN,2024-01-26T01:31:00Z,NaN,2024-01-26T02:51:14Z,2024-01-26T02:51:14Z,SURVEILLANCE,KNOTS,517.0,FEET,31200.0,urn:ogc:def:crs:EPSG::4326,38.76 -91.137222,FEET,31200.0,urn:ogc:def:crs:EPSG::4326,38.76 -91.136944,KNOTS,507.0,KNOTS,-104.0,691,77,UAL1807,NaN,ACTIVE,NaN,urn:uuid,7786252d-a11a-40d1-90d7-94a0672ea1d2,UAL,NaN,MSG_SEQ_NO,49011611,NaN,FDPS_GUFI,us.fdps.2024-01-25T22:20:24Z.000/03/500,NaN,FLIGHT_PLAN_SEQ_NO,8,NaN,SOURCE_TIME_AND_SEQ,0251266103,NaN,SOURCE_TIME,02_51_26,NaN,ADSB_02M_52B,-A3A0CA,NaN,,,,,,,,,,,,,FEET,29000.0,KD80424500,NaN,,,,,
19,ZKC,TH,SLC,2024-01-26T02:51:26.953Z,KSFO,2024-01-26T06:11:00Z,NaN,ZKC,26,NaN,KBOS,2024-01-25T23:47:00Z,NaN,2024-01-26T02:51:21Z,2024-01-26T02:51:20Z,SURVEILLANCE,KNOTS,409.0,FEET,38000.0,urn:ogc:def:crs:EPSG::4326,39.4775 -94.871111,FEET,38000.0,urn:ogc:def:crs:EPSG::4326,39.4775 -94.8725,KNOTS,-408.0,KNOTS,-16.0,130,2,UAL2400,NaN,ACTIVE,NaN,urn:uuid,dfc405dd-c838-4b76-8a8c-b3522960ed51,UAL,NaN,MSG_SEQ_NO,49011613,NaN,FDPS_GUFI,us.fdps.2024-01-25T21:42:38Z.000/01/500,NaN,FLIGHT_PLAN_SEQ_NO,19,NaN,SOURCE_TIME_AND_SEQ,0251266103,NaN,SOURCE_TIME,02_51_26,NaN,ADSB_02M_52B,-A3C3E0,NaN,,,,,,,,,,,,,FEET,38000.0,KB78158500,NaN,,,,,
20,ZKC,TH,SLC,2024-01-26T02:51:27.093Z,KICT,2024-01-26T03:10:00Z,NaN,ICT,1W,NaN,KGCK,2024-01-26T02:10:00Z,NaN,2024-01-26T02:51:25Z,2024-01-26T02:51:25Z,SURVEILLANCE,KNOTS,167.0,FEET,8900.0,urn:ogc:def:crs:EPSG::4326,37.766667 -98.578056,FEET,8900.0,urn:ogc:def:crs:EPSG::4326,37.766667 -98.578056,KNOTS,170.0,KNOTS,-24.0,203,247,BVN7560,NaN,ACTIVE,NaN,urn:uuid,5a272c3c-5306-4ec4-ba7c-e0f84fac8fd1,BVN,NaN,MSG_SEQ_NO,49011617,NaN,FDPS_GUFI,us.fdps.2024-01-25T23:25:59Z.000/10/500,NaN,FLIGHT_PLAN_SEQ_NO,6,NaN,SOURCE_TIME_AND_SEQ,0251266104,NaN,SOURCE_TIME,02_51_26,NaN,ADSB_POS_174A,37.766667/-98.578056,NaN,ADSB_ALT_175A,8900.0,NaN,ADSB_VEL_176A,+170/-24,NaN,ADSB_TIME_177A,2024-01-26T02:51:25Z,NaN,ADSB_02M_52B,-AC771C,NaN,FEET,7000.0,KK84359500,NaN,,,,,
21,ZKC,TH,SLC,2024-01-26T02:51:27.093Z,KMEM,2024-01-26T04:13:00Z,NaN,ZKC,06,NaN,KDEN,2024-01-26T02:21:00Z,NaN,2024-01-26T02:51:17Z,2024-01-26T02:51:17Z,SURVEILLANCE,KNOTS,454.0,FEET,37000.0,urn:ogc:def:crs:EPSG::4326,38.583889 -100.580278,FEET,37000.0,urn:ogc:def:crs:EPSG::4326,38.583333 -100.578611,KNOTS,420.0,KNOTS,-173.0,232,147,UAL519,NaN,ACTIVE,NaN,urn:uuid,31ab658e-27f4-4521-97ee-c294955258b2,UAL,NaN,MSG_SEQ_NO,49011625,NaN,FDPS_GUFI,us.fdps.2024-01-25T23:00:54Z.000/03/500,NaN,FLIGHT_PLAN_SEQ_NO,6,NaN,SOURCE_TIME_AND_SEQ,0251266104,NaN,SOURCE_TIME,02_51_26,NaN,ADSB_02M_52B,-AAEB0E,NaN,,,,,,,,,,,,,FEET,37000.0,KD82854500,NaN,,,,,
22,ZKC,TH,SLC,2024-01-26T02:51:27.093Z,KAUS,2024-01-26T05:02:00Z,NaN,ZKC,98,NaN,KMDW,2024-01-26T02:35:00Z,NaN,2024-01-26T02:51:20Z,2024-01-26T02:51:20Z,SURVEILLANCE,KNOTS,320.0,FEET,37600.0,urn:ogc:def:crs:EPSG::4326,40.564167 -88.85,FEET,37600.0,urn:ogc:def:crs:EPSG::4326,40.563611 -88.850556,KNOTS,-193.0,KNOTS,-256.0,890,101,SWA1463,NaN,ACTIVE,NaN,urn:uuid,19de52ff-6878-45fb-b453-7e04ffe03762,SWA,NaN,MSG_SEQ_NO,49011622,NaN,FDPS_GUFI,us.fdps.2024-01-26T00:05:55Z.000/06/600,NaN,FLIGHT_PLAN_SEQ_NO,7,NaN,SOURCE_TIME_AND_SEQ,0251266104,NaN,SOURCE_TIME,02_51_26,NaN,ADSB_02M_52B,-A5B59D,NaN,,,,,,,,,,,,,FEET,40000.0,KG00355600,NaN,,,,,
23,ZKC,TH,SLC,2024-01-26T02:51:27.093Z,KSEA,2024-01-26T06:34:00Z,NaN,ZKC,30,NaN,KTPA,2024-01-26T01:11:00Z,NaN,2024-01-26T02:51:23Z,2024-01-26T02:51:22Z,SURVEILLANCE,KNOTS,439.0,FEET,34000.0,urn:ogc:def:crs:EPSG::4326,37.103333 -92.543889,FEET,34000.0,urn:ogc:def:crs:EPSG::4326,37.103333 -92.543889,KNOTS,-344.0,KNOTS,274.0,925,236,ASA307,NaN,ACTIVE,NaN,urn:uuid,3a534878-4dc9-422d-bb1a-6dd3d8a9c6ad,ASA,NaN,MSG_SEQ_NO,49011626,NaN,FDPS_GUFI,us.fdps.2024-01-25T23:58:12Z.000/17/500,NaN,FLIGHT_PLAN_SEQ_NO,10,NaN,SOURCE_TIME_AND_SEQ,0251266104,NaN,SOURCE_TIME,02_51_26,NaN,ADSB_POS_174A,37.103333/-92.543889,NaN,ADSB_ALT_175A,34000.0,NaN,ADSB_VEL_176A,-344/+274,NaN,ADSB_TIME_177A,2024-01-26T02:51:22Z,NaN,ADSB_02M_52B,-A5C899,NaN,FEET,34000.0,KR86292500,NaN,,,,,
24,ZKC,TH,SLC,2024-01-26T02:51:27.093Z,KFTW,2024-01-26T04:27:00Z,NaN,ZKC,44,NaN,KSTP,2024-01-26T01:24:00Z,NaN,2024-01-26T02:51:19Z,2024-01-26T02:51:18Z,SURVEILLANCE,KNOTS,258.0,FEET,20000.0,urn:ogc:def:crs:EPSG::4326,39.728056 -95.478889,FEET,20000.0,urn:ogc:def:crs:EPSG::4326,39.728056 -95.478889,KNOTS,-56.0,KNOTS,-252.0,550,329,N687HB,NaN,ACTIVE,NaN,urn:uuid,c415708b-8310-40bd-9930-94b6a8ba8197,,,MSG_SEQ_NO,49011627,NaN,FDPS_GUFI,us.fdps.2024-01-26T00:46:57Z.000/15/600,NaN,FLIGHT_PLAN_SEQ_NO,3,NaN,SOURCE_TIME_AND_SEQ,0251266104,NaN,SOURCE_TIME,02_51_26,NaN,ADSB_POS_174A,39.728056/-95.478889,NaN,ADSB_ALT_175A,20000.0,NaN,ADSB_VEL_176A,-56/-252,NaN,ADSB_TIME_177A,2024-01-26T02:51:18Z,NaN,ADSB_02M_52B,-A91DE9,NaN,FEET,20000.0,KP02817600,NaN,,,,,
25,ZKC,TH,SLC,2024-01-26T02:51:27.093Z,KBNA,2024-01-26T03:51:00Z,NaN,ZKC,27,NaN,KLAS,2024-01-26T00:51:00Z,NaN,2024-01-26T02:51:17Z,2024-01-26T02:51:16Z,SURVEILLANCE,KNOTS,483.0,FEET,37000.0,urn:ogc:def:crs:EPSG::4326,36.195556 -95.945833,FEET,37000.0,urn:ogc:def:crs:EPSG::4326,36.195556 -95.944444,KNOTS,483.0,KNOTS,5.0,904,120,SWA2232,NaN,ACTIVE,NaN,urn:uuid,862aa36b-14bb-4c82-bb34-cbee47cc2215,SWA,NaN,MSG_SEQ_NO,49011632,NaN,FDPS_GUFI,us.fdps.2024-01-25T22:34:23Z.000/11/500,NaN,FLIGHT_PLAN_SEQ_NO,5,NaN,SOURCE_TIME_AND_SEQ,0251266104,NaN,SOURCE_TIME,02_51_26,NaN,ADSB_02M_52B,-AD4584,NaN,,,,,,,,,,,,,FEET,37000.0,KL81263500,NaN,,,,,
26,ZKC,TH,SLC,2024-01-26T02:51:27.093Z,KDSM,2024-01-26T03:18:00Z,NaN,ZKC,92,NaN,KBNA,2024-01-26T02:06:00Z,NaN,2024-01-26T02:51:16Z,2024-01-26T02:51:16Z,SURVEILLANCE,KNOTS,400.0,FEET,30000.0,urn:ogc:def:crs:EPSG::4326,39.714167 -91.2575,FEET,30000.0,urn:ogc:def:crs:EPSG::4326,39.714167 -91.2575,KNOTS,-281.0,KNOTS,287.0,610,344,AAY441,NaN,ACTIVE,NaN,urn:uuid,4268e664-9764-4a52-96cb-e28263f74f12,AAY,NaN,MSG_SEQ_NO,49011629,NaN,FDPS_GUFI,us.fdps.2024-01-26T00:45:41Z.000/12/600,NaN,FLIGHT_PLAN_SEQ_NO,8,NaN,SOURCE_TIME_AND_SEQ,0251266104,NaN,SOURCE_TIME,02_51_26,NaN,ADSB_POS_174A,39.714167/-91.2575,NaN,ADSB_ALT_175A,30000.0,NaN,ADSB_VEL_176A,-281/+287,NaN,ADSB_TIME_177A,2024-01-26T02:51:16Z,NaN,ADSB_02M_52B,-A2F6BA,NaN,FEET,30000.0,KM02741600,NaN,,,,,
27,ZKC,TH,SLC,2024-01-26T02:51:27.093Z,KCID,2024-01-26T03:24:00Z,NaN,ZKC,31,NaN,KJWY,2024-01-26T01:59:00Z,NaN,2024-01-26T02:51:24Z,2024-01-26T02:51:24Z,SURVEILLANCE,KNOTS,493.0,FEET,41000.0,urn:ogc:def:crs:EPSG::4326,38.254167 -94.197222,FEET,41000.0,urn:ogc:def:crs:EPSG::4326,38.255 -94.196667,KNOTS,224.0,KNOTS,439.0,412,108,N118UF,NaN,ACTIVE,NaN,urn:uuid,c3fba1e2-49a0-4178-955b-ebcdeabedc1b,,,MSG_SEQ_NO,49011630,NaN,FDPS_GUFI,us.fdps.2024-01-25T20:53:52Z.000/05/500,NaN,FLIGHT_PLAN_SEQ_NO,6,NaN,SOURCE_TIME_AND_SEQ,0251266104,NaN,SOURCE_TIME,02_51_26,NaN,ADSB_02M_52B,-A04BB3,NaN,,,,,,,,,,,,,FEET,41000.0,KF75232500,NaN,,,,,
28,ZKC,TH,SLC,2024-01-26T02:51:27.093Z,KPHL,2024-01-26T04:29:00Z,NaN,ZKC,50,NaN,KPHX,2024-01-26T00:37:00Z,NaN,2024-01-26T02:51:14Z,2024-01-26T02:51:14Z,SURVEILLANCE,KNOTS,508.0,FEET,32000.0,urn:ogc:def:crs:EPSG::4326,38.718611 -91.354444,FEET,32000.0,urn:ogc:def:crs:EPSG::4326,38.718611 -91.355278,KNOTS,497.0,KNOTS,107.0,238,234,AAL478,NaN,ACTIVE,NaN,urn:uuid,dd0ce7b4-d47a-4d4f-b14c-f5951a9195e0,AAL,NaN,MSG_SEQ_NO,49011635,NaN,FDPS_GUFI,us.fdps.2024-01-25T23:15:33Z.000/00/500,NaN,FLIGHT_PLAN_SEQ_NO,8,NaN,SOURCE_TIME_AND_SEQ,0251266104,NaN,SOURCE_TIME,02_51_26,NaN,ADSB_02M_52B,-A4E6C0,NaN,,,,,,,,,,,,,FEET,31000.0,KA83733500,NaN,,,,,
29,ZKC,TH,SLC,2024-01-26T02:51:27.093Z,KMCI,2024-01-26T03:11:00Z,NaN,ZKC,44,NaN,KPHL,2024-01-26T00:35:00Z,NaN,2024-01-26T02:51:19Z,2024-01-26T02:51:19Z,SURVEILLANCE,KNOTS,321.0,FEET,14800.0,urn:ogc:def:crs:EPSG::4326,39.65 -93.671667,FEET,14700.0,urn:ogc:def:crs:EPSG::4326,39.65 -93.671944,KNOTS,-319.0,KNOTS,-38.0,595,40,AAL1029,NaN,ACTIVE,NaN,urn:uuid,f0cbb02e-bdd7-4aed-82be-cf46d9d92731,AAL,NaN,MSG_SEQ_NO,49011633,NaN,FDPS_GUFI,us.fdps.2024-01-25T22:41:48Z.000/13/500,NaN,FLIGHT_PLAN_SEQ_NO,21,NaN,SOURCE_TIME_AND_SEQ,0251266104,NaN,SOURCE_TIME,02_51_26,NaN,ADSB_02M_52B,-A06461,NaN,,,,,,,,,,,,,FEET,12000.0,KN81708500,NaN,MCI,1E,NaN,,
30,ZKC,TH,SLC,2024-01-26T02:51:27.093Z,KSFO,2024-01-26T05:38:00Z,NaN,ZKC,26,NaN,KATL,2024-01-26T00:54:00Z,NaN,2024-01-26T02:51:16Z,2024-01-26T02:51:16Z,SURVEILLANCE,KNOTS,409.0,FEET,34000.0,urn:ogc:def:crs:EPSG::4326,38.9325 -98.553056,FEET,34000.0,urn:ogc:def:crs:EPSG::4326,38.9325 -98.553056,KNOTS,-405.0,KNOTS,83.0,657,203,UAL1259,NaN,ACTIVE,NaN,urn:uuid,22f75be7-081b-4d69-a7b4-e7543b363270,UAL,NaN,MSG_SEQ_NO,49011636,NaN,FDPS_GUFI,us.fdps.2024-01-25T21:32:02Z.000/19/501,NaN,FLIGHT_PLAN_SEQ_NO,10,NaN,SOURCE_TIME_AND_SEQ,0251266104,NaN,SOURCE_TIME,02_51_26,NaN,ADSB_POS_174A,38.9325/-98.553056,NaN,ADSB_ALT_175A,34000.0,NaN,ADSB_VEL_176A,-405/+83,NaN,ADSB_TIME_177A,2024-01-26T02:51:16Z,NaN,ADSB_02M_52B,-A5CC15,NaN,FEET,34000.0,KT77522501,NaN,ZDV,17,NaN,,
31,ZKC,TH,SLC,2024-01-26T02:51:27.093Z,KLAS,2024-01-26T04:53:00Z,NaN,ZKC,26,NaN,KMCI,2024-01-26T02:22:00Z,NaN,2024-01-26T02:51:24Z,2024-01-26T02:51:24Z,SURVEILLANCE,KNOTS,423.0,FEET,40000.0,urn:ogc:def:crs:EPSG::4326,39.294167 -98.5575,FEET,40000.0,urn:ogc:def:crs:EPSG::4326,39.294167 -98.557222,KNOTS,-423.0,KNOTS,-8.0,493,110,SWA3584,NaN,ACTIVE,NaN,urn:uuid,a8905183-9e0d-4ed5-a461-e2286151a46a,SWA,NaN,MSG_SEQ_NO,49011640,NaN,FDPS_GUFI,us.fdps.2024-01-26T00:03:14Z.000/10/600,NaN,FLIGHT_PLAN_SEQ_NO,3,NaN,SOURCE_TIME_AND_SEQ,0251266104,NaN,SOURCE_TIME,02_51_26,NaN,ADSB_POS_174A,39.294167/-98.557222,NaN,ADSB_ALT_175A,40000.0,NaN,ADSB_VEL_176A,-423/-8,NaN,ADSB_TIME_177A,2024-01-26T02:51:24Z,NaN,ADSB_02M_52B,-A2195D,NaN,FEET,40000.0,KK00194600,NaN,ZDV,18,NaN,,
32,ZKC,TH,SLC,2024-01-26T02:51:27.093Z,KSDL,2024-01-26T05:07:00Z,NaN,ZKC,31,NaN,KSTL,2024-01-26T02:24:00Z,NaN,2024-01-26T02:51:23Z,2024-01-26T02:51:22Z,SURVEILLANCE,KNOTS,388.0,FEET,40000.0,urn:ogc:def:crs:EPSG::4326,39.015556 -93.639167,FEET,40000.0,urn:ogc:def:crs:EPSG::4326,39.015278 -93.64,KNOTS,-381.0,KNOTS,-72.0,155,521,JTL104,NaN,ACTIVE,NaN,urn:uuid,9f3ac7fb-42fa-4be2-93b7-dce8f7d824a8,JTL,NaN,MSG_SEQ_NO,49011641,NaN,FDPS_GUFI,us.fdps.2024-01-26T01:30:00Z.212/10/615,NaN,FLIGHT_PLAN_SEQ_NO,3,NaN,SOURCE_TIME_AND_SEQ,0251266104,NaN,SOURCE_TIME,02_51_26,NaN,ADSB_02M_52B,-A01527,NaN,,,,,,,,,,,,,FEET,40000.0,KK05415615,NaN,,,,,
33,ZKC,TH,SLC,2024-01-26T02:51:27.093Z,KRDU,2024-01-26T05:01:00Z,NaN,ZKC,26,NaN,KDEN,2024-01-26T02:11:00Z,NaN,2024-01-26T02:51:24Z,2024-01-26T02:51:24Z,SURVEILLANCE,KNOTS,485.0,FEET,37000.0,urn:ogc:def:crs:EPSG::4326,39.471111 -98.270556,FEET,37000.0,urn:ogc:def:crs:EPSG::4326,39.471111 -98.270278,KNOTS,484.0,KNOTS,-24.0,722,48,SWA3064,NaN,ACTIVE,NaN,urn:uuid,5125e174-8ad4-4f62-8fa9-9fb574cc35ac,SWA,NaN,MSG_SEQ_NO,49011648,NaN,FDPS_GUFI,us.fdps.2024-01-25T23:34:25Z.000/03/500,NaN,FLIGHT_PLAN_SEQ_NO,6,NaN,SOURCE_TIME_AND_SEQ,0251266104,NaN,SOURCE_TIME,02_51_26,NaN,ADSB_02M_52B,-AD36A8,NaN,,,,,,,,,,,,,FEET,37000.0,KD84865500,NaN,,,,,
34,ZKC,TH,SLC,2024-01-26T02:51:27.093Z,KSTL,2024-01-26T02:56:00Z,NaN,STL,1N,NaN,KMDW,2024-01-26T02:14:00Z,NaN,2024-01-26T02:51:22Z,2024-01-26T02:51:22Z,SURVEILLANCE,KNOTS,211.0,FEET,5000.0,urn:ogc:def:crs:EPSG::4326,38.608333 -90.000278,FEET,5000.0,urn:ogc:def:crs:EPSG::4326,38.608056 -90.000556,KNOTS,-135.0,KNOTS,-163.0,215,335,N757CC,NaN,ACTIVE,NaN,urn:uuid,158c3638-dcf0-499b-b974-bf1e20bf9402,,,MSG_SEQ_NO,49011649,NaN,FDPS_GUFI,us.fdps.2024-01-26T00:24:49Z.000/06/600,NaN,FLIGHT_PLAN_SEQ_NO,12,NaN,SOURCE_TIME_AND_SEQ,0251266104,NaN,SOURCE_TIME,02_51_26,NaN,ADSB_02M_52B,-AA343F,NaN,,,,,,,,,,,,,FEET,9000.0,KG01489600,NaN,,,,,
35,ZKC,TH,SLC,2024-01-26T02:51:27.093Z,KPDX,2024-01-26T06:07:00Z,NaN,ZKC,02,NaN,KATL,2024-01-26T01:19:00Z,NaN,2024-01-26T02:51:20Z,2024-01-26T02:51:20Z,SURVEILLANCE,KNOTS,433.0,FEET,28800.0,urn:ogc:def:crs:EPSG::4326,37.162222 -95.792222,FEET,28800.0,urn:ogc:def:crs:EPSG::4326,37.162222 -95.791944,KNOTS,-398.0,KNOTS,166.0,292,114,DAL888,NaN,ACTIVE,NaN,urn:uuid,b207b7bc-fc42-4f5b-ad26-e50dad4dfb88,DAL,NaN,MSG_SEQ_NO,49011651,NaN,FDPS_GUFI,us.fdps.2024-01-26T00:06:00Z.000/19/604,NaN,FLIGHT_PLAN_SEQ_NO,6,NaN,SOURCE_TIME_AND_SEQ,0251266104,NaN,SOURCE_TIME,02_51_26,NaN,ADSB_POS_174A,37.162222/-95.791944,NaN,ADSB_ALT_175A,28800.0,NaN,ADSB_VEL_176A,-398/+166,NaN,ADSB_TIME_177A,2024-01-26T02:51:20Z,NaN,ADSB_02M_52B,-AC21E4,NaN,FEET,34000.0,KT00360604,NaN,,,,,
36,ZKC,TH,SLC,2024-01-26T02:51:27.093Z,KMKC,2024-01-26T03:20:00Z,NaN,ZKC,30,NaN,KBNA,2024-01-26T01:50:00Z,NaN,2024-01-26T02:51:25Z,2024-01-26T02:51:25Z,SURVEILLANCE,KNOTS,293.0,FEET,27900.0,urn:ogc:def:crs:EPSG::4326,38.131389 -92.082222,FEET,27900.0,urn:ogc:def:crs:EPSG::4326,38.131389 -92.082222,KNOTS,-276.0,KNOTS,100.0,941,156,FRG9559,NaN,ACTIVE,NaN,urn:uuid,65ab960d-ae51-4d6f-ab72-6d54cb0af1ca,FRG,NaN,MSG_SEQ_NO,49011653,NaN,FDPS_GUFI,us.fdps.2024-01-26T01:16:30Z.000/12/600,NaN,FLIGHT_PLAN_SEQ_NO,5,NaN,SOURCE_TIME_AND_SEQ,0251266104,NaN,SOURCE_TIME,02_51_26,NaN,ADSB_02M_52B,-A72167,NaN,,,,,,,,,,,,,FEET,28000.0,KM04590600,NaN,,,,,
37,ZKC,TH,SLC,2024-01-26T02:51:27.093Z,KSDF,2024-01-26T04:00:00Z,NaN,ZKC,27,NaN,KLAS,2024-01-26T00:56:00Z,NaN,2024-01-26T02:51:19Z,2024-01-26T02:51:18Z,SURVEILLANCE,KNOTS,493.0,FEET,37000.0,urn:ogc:def:crs:EPSG::4326,37.076389 -96.708611,FEET,37000.0,urn:ogc:def:crs:EPSG::4326,37.076389 -96.708611,KNOTS,489.0,KNOTS,74.0,810,146,SWA3861,NaN,ACTIVE,NaN,urn:uuid,3e8b04c2-a1fa-48c3-bc32-e4450917948e,SWA,NaN,MSG_SEQ_NO,49011656,NaN,FDPS_GUFI,us.fdps.2024-01-25T23:10:25Z.000/11/500,NaN,FLIGHT_PLAN_SEQ_NO,7,NaN,SOURCE_TIME_AND_SEQ,0251266104,NaN,SOURCE_TIME,02_51_26,NaN,ADSB_POS_174A,37.076389/-96.708611,NaN,ADSB_ALT_175A,37000.0,NaN,ADSB_VEL_176A,+489/+74,NaN,ADSB_TIME_177A,2024-01-26T02:51:18Z,NaN,ADSB_02M_52B,-AC0C41,NaN,FEET,37000.0,KL83425500,NaN,,,,,
38,ZKC,TH,SLC,2024-01-26T02:51:27.093Z,KSFO,2024-01-26T05:47:00Z,NaN,ZKC,22,NaN,KMCO,2024-01-26T00:23:00Z,NaN,2024-01-26T02:51:17Z,2024-01-26T02:51:16Z,SURVEILLANCE,KNOTS,444.0,FEET,36000.0,urn:ogc:def:crs:EPSG::4326,36.957222 -99.390833,FEET,36000.0,urn:ogc:def:crs:EPSG::4326,36.957778 -99.391944,KNOTS,-399.0,KNOTS,195.0,084,28,ASA399,NaN,DROPPED,NaN,urn:uuid,a2e35cdb-df1b-4842-bc35-f460b4f8ed14,ASA,NaN,MSG_SEQ_NO,49011654,NaN,FDPS_GUFI,us.fdps.2024-01-25T22:48:13Z.000/09/500,NaN,FLIGHT_PLAN_SEQ_NO,13,NaN,SOURCE_TIME_AND_SEQ,0251266104,NaN,SOURCE_TIME,02_51_26,NaN,ADSB_02M_52B,-A6F96C,NaN,,,,,,,,,,,,,FEET,36000.0,KJ82093500,NaN,,,,,
39,ZKC,TH,SLC,2024-01-26T02:51:27.093Z,KOKC,2024-01-26T03:56:00Z,NaN,ZKC,29,NaN,KLGA,2024-01-26T00:18:00Z,NaN,2024-01-26T02:51:22Z,2024-01-26T02:51:22Z,SURVEILLANCE,KNOTS,343.0,FEET,28000.0,urn:ogc:def:crs:EPSG::4326,37.172778 -92.049167,FEET,28000.0,urn:ogc:def:crs:EPSG::4326,37.172778 -92.048889,KNOTS,-330.0,KNOTS,-100.0,522,282,RPA4779,NaN,ACTIVE,NaN,urn:uuid,b0068f94-f41c-4377-84a6-45d995c779a1,RPA,NaN,MSG_SEQ_NO,49011657,NaN,FDPS_GUFI,us.fdps.2024-01-25T22:24:58Z.000/13/500,NaN,FLIGHT_PLAN_SEQ_NO,14,NaN,SOURCE_TIME_AND_SEQ,0251266104,NaN,SOURCE_TIME,02_51_26,NaN,ADSB_POS_174A,37.172778/-92.048889,NaN,ADSB_ALT_175A,28000.0,NaN,ADSB_VEL_176A,-330/-100,NaN,ADSB_TIME_177A,2024-01-26T02:51:22Z,NaN,ADSB_02M_52B,-A0433B,NaN,FEET,28000.0,KN80698500,NaN,,,,,
40,ZKC,TH,SLC,2024-01-26T02:51:27.093Z,KRDU,2024-01-26T04:26:00Z,NaN,ZKC,50,NaN,KDEN,2024-01-26T01:33:00Z,NaN,2024-01-26T02:51:14Z,2024-01-26T02:51:14Z,SURVEILLANCE,KNOTS,494.0,FEET,37000.0,urn:ogc:def:crs:EPSG::4326,38.877778 -91.575278,FEET,37000.0,urn:ogc:def:crs:EPSG::4326,38.877778 -91.574444,KNOTS,485.0,KNOTS,-93.0,794,127,UAL1417,NaN,ACTIVE,NaN,urn:uuid,89bb525d-ff94-449c-a417-07df2124d266,UAL,NaN,MSG_SEQ_NO,49011658,NaN,FDPS_GUFI,us.fdps.2024-01-25T22:14:31Z.000/03/500,NaN,FLIGHT_PLAN_SEQ_NO,7,NaN,SOURCE_TIME_AND_SEQ,0251266104,NaN,SOURCE_TIME,02_51_26,NaN,ADSB_02M_52B,-AA56DA,NaN,,,,,,,,,,,,,FEET,37000.0,KD80071500,NaN,,,,,
41,ZKC,TH,SLC,2024-01-26T02:51:27.102Z,KDFW,2024-01-26T04:08:00Z,NaN,ZKC,26,NaN,KOMA,2024-01-26T02:35:00Z,NaN,2024-01-26T02:51:22Z,2024-01-26T02:51:22Z,SURVEILLANCE,KNOTS,439.0,FEET,34100.0,urn:ogc:def:crs:EPSG::4326,39.825833 -96.684444,FEET,34100.0,urn:ogc:def:crs:EPSG::4326,39.825 -96.684444,KNOTS,-74.0,KNOTS,-433.0,089,47,AAL2270,NaN,ACTIVE,NaN,urn:uuid,18500226-e493-4f12-aea0-5f632222d7f6,AAL,NaN,MSG_SEQ_NO,49011659,NaN,FDPS_GUFI,us.fdps.2024-01-26T00:59:19Z.000/15/600,NaN,FLIGHT_PLAN_SEQ_NO,9,NaN,SOURCE_TIME_AND_SEQ,0251266105,NaN,SOURCE_TIME,02_51_26,NaN,ADSB_02M_52B,-AC86AF,NaN,,,,,,,,,,,,,FEET,40000.0,KP03559600,NaN,,,,,
42,ZKC,TH,SLC,2024-01-26T02:51:27.102Z,KSDF,2024-01-26T03:30:00Z,NaN,ZKC,14,NaN,KDEN,2024-01-26T01:26:00Z,NaN,2024-01-26T02:51:14Z,2024-01-26T02:51:14Z,SURVEILLANCE,KNOTS,515.0,FEET,29000.0,urn:ogc:def:crs:EPSG::4326,38.639444 -90.556667,FEET,29000.0,urn:ogc:def:crs:EPSG::4326,38.639444 -90.557222,KNOTS,507.0,KNOTS,-92.0,511,100,UAL350,NaN,ACTIVE,NaN,urn:uuid,50e7055b-5ac6-4383-87c2-555ae57832be,UAL,NaN,MSG_SEQ_NO,49011661,NaN,FDPS_GUFI,us.fdps.2024-01-25T23:12:57Z.000/03/500,NaN,FLIGHT_PLAN_SEQ_NO,7,NaN,SOURCE_TIME_AND_SEQ,0251266105,NaN,SOURCE_TIME,02_51_26,NaN,ADSB_02M_52B,-AB9F54,NaN,,,,,,,,,,,,,FEET,29000.0,KD83577500,NaN,,,,,
43,ZKC,TH,SLC,2024-01-26T02:51:27.102Z,KPHX,2024-01-26T04:39:00Z,NaN,ZKC,06,NaN,KBOS,2024-01-25T23:25:00Z,NaN,2024-01-26T02:51:17Z,2024-01-26T02:51:17Z,SURVEILLANCE,KNOTS,397.0,FEET,38000.0,urn:ogc:def:crs:EPSG::4326,38.591944 -97.735,FEET,38000.0,urn:ogc:def:crs:EPSG::4326,38.591944 -97.735,KNOTS,-387.0,KNOTS,-103.0,214,44,DAL514,NaN,ACTIVE,NaN,urn:uuid,d6310153-dc4a-4a08-97bd-b9b8a4c6080a,DAL,NaN,MSG_SEQ_NO,49011662,NaN,FDPS_GUFI,us.fdps.2024-01-25T22:19:01Z.000/01/500,NaN,FLIGHT_PLAN_SEQ_NO,27,NaN,SOURCE_TIME_AND_SEQ,0251266105,NaN,SOURCE_TIME,02_51_26,NaN,ADSB_POS_174A,38.591944/-97.735,NaN,ADSB_ALT_175A,38000.0,NaN,ADSB_VEL_176A,-387/-103,NaN,ADSB_TIME_177A,2024-01-26T02:51:17Z,NaN,ADSB_02M_52B,-A6DFAA,NaN,FEET,38000.0,KB80341500,NaN,,,,,
44,ZKC,TH,SLC,2024-01-26T02:51:27.102Z,KDAY,2024-01-26T03:39:00Z,NaN,ZKC,12,NaN,KDEN,2024-01-26T01:19:00Z,NaN,2024-01-26T02:51:19Z,2024-01-26T02:51:18Z,SURVEILLANCE,KNOTS,503.0,FEET,31000.0,urn:ogc:def:crs:EPSG::4326,39.248056 -89.518611,FEET,31000.0,urn:ogc:def:crs:EPSG::4326,39.248056 -89.518611,KNOTS,504.0,KNOTS,-60.0,488,301,SKW4653,NaN,ACTIVE,NaN,urn:uuid,d73865a8-907d-45fa-b693-01b80bcda68a,SKW,NaN,MSG_SEQ_NO,49011660,NaN,FDPS_GUFI,us.fdps.2024-01-25T23:33:54Z.000/03/500,NaN,FLIGHT_PLAN_SEQ_NO,7,NaN,SOURCE_TIME_AND_SEQ,0251266105,NaN,SOURCE_TIME,02_51_26,NaN,ADSB_POS_174A,39.248056/-89.518611,NaN,ADSB_ALT_175A,31000.0,NaN,ADSB_VEL_176A,+504/-60,NaN,ADSB_TIME_177A,2024-01-26T02:51:18Z,NaN,ADSB_02M_52B,-A01180,NaN,FEET,31000.0,KD84834500,NaN,,,,,
45,ZKC,TH,SLC,2024-01-26T02:51:27.102Z,KMSY,2024-01-26T04:22:00Z,NaN,ZKC,12,NaN,KMDW,2024-01-26T02:21:00Z,NaN,2024-01-26T02:51:19Z,2024-01-26T02:51:19Z,SURVEILLANCE,KNOTS,351.0,FEET,32000.0,urn:ogc:def:crs:EPSG::4326,39.099722 -88.986944,FEET,32000.0,urn:ogc:def:crs:EPSG::4326,39.099444 -88.986944,KNOTS,-69.0,KNOTS,-344.0,020,24,SWA3451,NaN,ACTIVE,NaN,urn:uuid,4c090cdb-40b6-4079-9120-e76d5301c675,SWA,NaN,MSG_SEQ_NO,49011671,NaN,FDPS_GUFI,us.fdps.2024-01-26T00:35:14Z.000/06/600,NaN,FLIGHT_PLAN_SEQ_NO,7,NaN,SOURCE_TIME_AND_SEQ,0251266105,NaN,SOURCE_TIME,02_51_26,NaN,ADSB_02M_52B,-ABD971,NaN,,,,,,,,,,,,,FEET,32000.0,KG02114600,NaN,ZKC,14,NaN,,
46,ZKC,TH,SLC,2024-01-26T02:51:27.102Z,CYYC,2024-01-26T06:33:00Z,NaN,ZKC,31,NaN,MDPC,,,2024-01-26T02:51:23Z,2024-01-26T02:51:23Z,SURVEILLANCE,KNOTS,449.0,FEET,38000.0,urn:ogc:def:crs:EPSG::4326,37.003889 -92.808056,FEET,38000.0,urn:ogc:def:crs:EPSG::4326,37.003889 -92.808056,KNOTS,-343.0,KNOTS,286.0,190,23,SWG4453,NaN,DROPPED,NaN,urn:uuid,da06bfd8-d247-44d2-8447-d49d811ed037,SWG,NaN,MSG_SEQ_NO,49011672,NaN,FDPS_GUFI,us.fdps.2024-01-25T19:24:37Z.000/17/500,NaN,FLIGHT_PLAN_SEQ_NO,17,NaN,SOURCE_TIME_AND_SEQ,0251266105,NaN,SOURCE_TIME,02_51_26,NaN,ADSB_POS_174A,37.003889/-92.808056,NaN,ADSB_ALT_175A,38000.0,NaN,ADSB_VEL_176A,-343/+286,NaN,ADSB_TIME_177A,2024-01-26T02:51:23Z,NaN,ADSB_02M_52B,-C0220D,NaN,FEET,38000.0,KR69877500,NaN,,,,NaN,
47,ZKC,TH,SLC,2024-01-26T02:51:27.102Z,KATL,2024-01-26T04:15:00Z,NaN,ZKC,92,NaN,KOMA,2024-01-26T02:26:00Z,NaN,2024-01-26T02:51:18Z,2024-01-26T02:51:18Z,SURVEILLANCE,KNOTS,443.0,FEET,29000.0,urn:ogc:def:crs:EPSG::4326,40.041944 -92.856389,FEET,29000.0,urn:ogc:def:crs:EPSG::4326,40.041944 -92.856389,KNOTS,380.0,KNOTS,-235.0,874,148,DAL2632,NaN,ACTIVE,NaN,urn:uuid,4c34e0b9-d5be-4094-ac59-a21f424beca5,DAL,NaN,MSG_SEQ_NO,49011674,NaN,FDPS_GUFI,us.fdps.2024-01-25T16:06:01Z.000/15/500,NaN,FLIGHT_PLAN_SEQ_NO,5,NaN,SOURCE_TIME_AND_SEQ,0251266105,NaN,SOURCE_TIME,02_51_26,NaN,ADSB_POS_174A,40.041944/-92.856389,NaN,ADSB_ALT_175A,29000.0,NaN,ADSB_VEL_176A,+380/-235,NaN,ADSB_TIME_177A,2024-01-26T02:51:18Z,NaN,ADSB_02M_52B,-AD14A8,NaN,FEET,29000.0,KP07602600,NaN,,,,,
48,ZKC,TH,SLC,2024-01-26T02:51:27.102Z,KSEA,2024-01-26T06:13:00Z,NaN,ZKC,02,NaN,KFLL,2024-01-26T00:21:00Z,NaN,2024-01-26T02:51:21Z,2024-01-26T02:51:21Z,SURVEILLANCE,KNOTS,450.0,FEET,32000.0,urn:ogc:def:crs:EPSG::4326,37.338611 -97.235,FEET,32000.0,urn:ogc:def:crs:EPSG::4326,37.338889 -97.235,KNOTS,-346.0,KNOTS,289.0,385,95,ASA517,NaN,ACTIVE,NaN,urn:uuid,017592e3-d90b-4d0e-b6df-431b33bf4d2d,ASA,NaN,MSG_SEQ_NO,49011675,NaN,FDPS_GUFI,us.fdps.2024-01-25T23:02:17Z.000/17/500,NaN,FLIGHT_PLAN_SEQ_NO,11,NaN,SOURCE_TIME_AND_SEQ,0251266105,NaN,SOURCE_TIME,02_51_26,NaN,ADSB_POS_174A,37.338889/-97.235,NaN,ADSB_ALT_175A,32000.0,NaN,ADSB_VEL_176A,-346/+289,NaN,ADSB_TIME_177A,2024-01-26T02:51:21Z,NaN,ADSB_02M_52B,-A2919A,NaN,FEET,32000.0,KR82937500,NaN,,,,,
49,ZKC,TH,SLC,2024-01-26T02:51:27.102Z,KMCI,2024-01-26T02:59:00Z,NaN,MCI,1E,NaN,KMDW,2024-01-26T01:55:00Z,NaN,2024-01-26T02:51:22Z,2024-01-26T02:51:22Z,SURVEILLANCE,KNOTS,271.0,FEET,7400.0,urn:ogc:def:crs:EPSG::4326,39.299167 -94.568889,FEET,7400.0,urn:ogc:def:crs:EPSG::4326,39.299167 -94.568889,KNOTS,-213.0,KNOTS,-152.0,885,32,SWA636,NaN,ACTIVE,NaN,urn:uuid,f32359d7-c658-43f5-8492-b23750368f99,SWA,NaN,MSG_SEQ_NO,49011677,NaN,FDPS_GUFI,us.fdps.2024-01-25T19:01:12Z.000/06/500,NaN,FLIGHT_PLAN_SEQ_NO,10,NaN,SOURCE_TIME_AND_SEQ,0251266105,NaN,SOURCE_TIME,02_51_26,NaN,ADSB_POS_174A,39.299167/-94.568889,NaN,ADSB_ALT_175A,7400.0,NaN,ADSB_VEL_176A,-213/-152,NaN,ADSB_TIME_177A,2024-01-26T02:51:22Z,NaN,ADSB_02M_52B,-AC7C52,NaN,FEET,12000.0,KG03881601,NaN,,,,,
50,ZKC,TH,SLC,2024-01-26T02:51:27.102Z,KCVG,2024-01-26T03:59:00Z,NaN,ZKC,30,NaN,KSLC,2024-01-26T00:57:00Z,NaN,2024-01-26T02:51:15Z,2024-01-26T02:51:15Z,SURVEILLANCE,KNOTS,510.0,FEET,35000.0,urn:ogc:def:crs:EPSG::4326,38.946389 -93.469444,FEET,35000.0,urn:ogc:def:crs:EPSG::4326,38.946389 -93.469722,KNOTS,503.0,KNOTS,-65.0,066,124,DAL670,NaN,ACTIVE,NaN,urn:uuid,4f5965b4-b98b-4360-a3cd-f0e82b0d38b2,DAL,NaN,MSG_SEQ_NO,49011676,NaN,FDPS_GUFI,us.fdps.2024-01-26T00:01:01Z.000/20/601,NaN,FLIGHT_PLAN_SEQ_NO,10,NaN,SOURCE_TIME_AND_SEQ,0251266105,NaN,SOURCE_TIME,02_51_26,NaN,ADSB_POS_174A,38.946389/-93.469722,NaN,ADSB_ALT_175A,35000.0,NaN,ADSB_VEL_176A,+503/-65,NaN,ADSB_TIME_177A,2024-01-26T02:51:15Z,NaN,ADSB_02M_52B,-ACC5FB,NaN,FEET,35000.0,KU00061601,NaN,,,,,
51,ZKC,TH,SLC,2024-01-26T02:51:27.102Z,KJFK,2024-01-26T05:03:00Z,NaN,ZKC,26,NaN,KSFO,2024-01-26T00:05:00Z,NaN,2024-01-26T02:51:23Z,2024-01-26T02:51:23Z,SURVEILLANCE,KNOTS,498.0,FEET,35000.0,urn:ogc:def:crs:EPSG::4326,39.270278 -95.113056,FEET,35000.0,urn:ogc:def:crs:EPSG::4326,39.270556 -95.110833,KNOTS,491.0,KNOTS,79.0,187,5,JBU616,NaN,DROPPED,NaN,urn:uuid,8131ed15-ecd3-4f18-b683-fd257cfc7619,JBU,NaN,MSG_SEQ_NO,49011679,NaN,FDPS_GUFI,us.fdps.2024-01-25T20:22:27Z.000/14/500,NaN,FLIGHT_PLAN_SEQ_NO,14,NaN,SOURCE_TIME_AND_SEQ,0251266105,NaN,SOURCE_TIME,02_51_26,NaN,ADSB_02M_52B,-AD6BDC,NaN,,,,,,,,,,,,,FEET,35000.0,KO73347500,NaN,,,,,
52,ZKC,TH,SLC,2024-01-26T02:51:27.102Z,KPIT,2024-01-26T04:15:00Z,NaN,ZKC,31,NaN,KVNY,2024-01-26T00:17:00Z,NaN,2024-01-26T02:51:23Z,2024-01-26T02:51:22Z,SURVEILLANCE,KNOTS,495.0,FEET,45000.0,urn:ogc:def:crs:EPSG::4326,39.141389 -94.212778,FEET,45000.0,urn:ogc:def:crs:EPSG::4326,39.141389 -94.211389,KNOTS,490.0,KNOTS,76.0,239,235,VJA360,NaN,DROPPED,NaN,urn:uuid,be8c9b90-cc83-4cf0-95a8-2d4e6d8a4a66,VJA,NaN,MSG_SEQ_NO,49011681,NaN,FDPS_GUFI,us.fdps.2024-01-25T16:10:34Z.000/11/500,NaN,FLIGHT_PLAN_SEQ_NO,18,NaN,SOURCE_TIME_AND_SEQ,0251266105,NaN,SOURCE_TIME,02_51_26,NaN,ADSB_02M_52B,-A40E30,NaN,,,,,,,,,,,,,FEET,45000.0,KL58234500,NaN,,,,,
53,ZKC,TH,SLC,2024-01-26T02:51:27.102Z,KBNA,2024-01-26T03:33:00Z,NaN,ZKC,98,NaN,KDEN,2024-01-26T01:27:00Z,NaN,2024-01-26T02:51:20Z,2024-01-26T02:51:19Z,SURVEILLANCE,KNOTS,466.0,FEET,37000.0,urn:ogc:def:crs:EPSG::4326,37.678333 -91.277778,FEET,37000.0,urn:ogc:def:crs:EPSG::4326,37.678333 -91.277778,KNOTS,451.0,KNOTS,-113.0,009,165,UAL773,NaN,ACTIVE,NaN,urn:uuid,9665eb75-69e8-45b4-bab4-e30ece3177a5,UAL,NaN,MSG_SEQ_NO,49011682,NaN,FDPS_GUFI,us.fdps.2024-01-25T23:30:22Z.000/03/500,NaN,FLIGHT_PLAN_SEQ_NO,6,NaN,SOURCE_TIME_AND_SEQ,0251266105,NaN,SOURCE_TIME,02_51_26,NaN,ADSB_POS_174A,37.678333/-91.277778,NaN,ADSB_ALT_175A,37000.0,NaN,ADSB_VEL_176A,+451/-113,NaN,ADSB_TIME_177A,2024-01-26T02:51:19Z,NaN,ADSB_02M_52B,-A126C4,NaN,FEET,37000.0,KD84622500,NaN,,,,,
54,ZKC,TH,SLC,2024-01-26T02:51:27.102Z,KEWR,2024-01-26T04:47:00Z,NaN,ZKC,92,NaN,KLAS,2024-01-26T00:27:00Z,NaN,2024-01-26T02:51:22Z,2024-01-26T02:51:22Z,SURVEILLANCE,KNOTS,494.0,FEET,35000.0,urn:ogc:def:crs:EPSG::4326,40.109167 -92.446944,FEET,35000.0,urn:ogc:def:crs:EPSG::4326,40.109167 -92.446944,KNOTS,483.0,KNOTS,104.0,674,113,UAL2299,NaN,ACTIVE,NaN,urn:uuid,a0effae8-68b0-4807-956c-df93c94f1fba,UAL,NaN,MSG_SEQ_NO,49011684,NaN,FDPS_GUFI,us.fdps.2024-01-25T21:55:52Z.000/11/500,NaN,FLIGHT_PLAN_SEQ_NO,9,NaN,SOURCE_TIME_AND_SEQ,0251266105,NaN,SOURCE_TIME,02_51_26,NaN,ADSB_02M_52B,-A8102A,NaN,,,,,,,,,,,,,FEET,35000.0,KL78952500,NaN,,,,,
55,ZKC,TH,SLC,2024-01-26T02:51:27.102Z,KAAO,2024-01-26T05:29:00Z,NaN,ICT,1W,NaN,KGCK,2024-01-26T02:22:00Z,NaN,2024-01-26T02:51:20Z,2024-01-26T02:51:20Z,SURVEILLANCE,KNOTS,203.0,FEET,3600.0,urn:ogc:def:crs:EPSG::4326,37.920833 -97.302778,FEET,3600.0,urn:ogc:def:crs:EPSG::4326,37.920833 -97.302778,KNOTS,198.0,KNOTS,-12.0,747,243,XSR560,NaN,ACTIVE,NaN,urn:uuid,25174bbb-1761-401a-a0e4-c779dabab7c0,XSR,NaN,MSG_SEQ_NO,49011685,NaN,FDPS_GUFI,us.fdps.2024-01-26T00:01:23Z.000/10/600,NaN,FLIGHT_PLAN_SEQ_NO,5,NaN,SOURCE_TIME_AND_SEQ,0251266105,NaN,SOURCE_TIME,02_51_26,NaN,ADSB_POS_174A,37.920833/-97.302778,NaN,ADSB_ALT_175A,3600.0,NaN,ADSB_VEL_176A,+198/-12,NaN,ADSB_TIME_177A,2024-01-26T02:51:20Z,NaN,ADSB_02M_52B,-A72881,NaN,FEET,21000.0,KK00083600,NaN,,,,,
56,ZKC,TH,SLC,2024-01-26T02:51:27.102Z,KCMH,2024-01-26T04:10:00Z,NaN,ZKC,26,NaN,KDEN,2024-01-26T01:59:00Z,NaN,2024-01-26T02:51:18Z,2024-01-26T02:51:18Z,SURVEILLANCE,KNOTS,512.0,FEET,35000.0,urn:ogc:def:crs:EPSG::4326,40.150556 -96.168056,FEET,35000.0,urn:ogc:def:crs:EPSG::4326,40.150556 -96.168056,KNOTS,510.0,KNOTS,-4.0,641,271,SWA492,NaN,ACTIVE,NaN,urn:uuid,09f4dff0-f6d5-4d52-9337-201f39b26797,SWA,NaN,MSG_SEQ_NO,49011692,NaN,FDPS_GUFI,us.fdps.2024-01-26T01:02:59Z.000/03/600,NaN,FLIGHT_PLAN_SEQ_NO,6,NaN,SOURCE_TIME_AND_SEQ,0251266105,NaN,SOURCE_TIME,02_51_26,NaN,ADSB_POS_174A,40.150556/-96.168056,NaN,ADSB_ALT_175A,35000.0,NaN,ADSB_VEL_176A,+510/-4,NaN,ADSB_TIME_177A,2024-01-26T02:51:18Z,NaN,ADSB_02M_52B,-AC3B51,NaN,FEET,35000.0,KD03779600,NaN,,,,,
57,ZKC,TH,SLC,2024-01-26T02:51:27.102Z,KSEA,2024-01-26T06:20:00Z,NaN,ZKC,27,NaN,KFLL,2024-01-26T00:30:00Z,NaN,2024-01-26T02:51:20Z,2024-01-26T02:51:19Z,SURVEILLANCE,KNOTS,427.0,FEET,30000.0,urn:ogc:def:crs:EPSG::4326,36.661389 -95.622222,FEET,30000.0,urn:ogc:def:crs:EPSG::4326,36.661667 -95.622778,KNOTS,-349.0,KNOTS,246.0,773,339,DAL477,NaN,ACTIVE,NaN,urn:uuid,0771ddcb-a45c-4cf5-872d-1bf98129eaf9,DAL,NaN,MSG_SEQ_NO,49011694,NaN,FDPS_GUFI,us.fdps.2024-01-25T22:46:01Z.000/17/500,NaN,FLIGHT_PLAN_SEQ_NO,12,NaN,SOURCE_TIME_AND_SEQ,0251266105,NaN,SOURCE_TIME,02_51_26,NaN,ADSB_02M_52B,-A6FFC3,NaN,,,,,,,,,,,,,FEET,30000.0,KR81961500,NaN,,,,,
58,ZKC,TH,SLC,2024-01-26T02:51:27.102Z,KMCO,2024-01-26T05:13:00Z,NaN,ZKC,02,NaN,KDEN,2024-01-26T02:04:00Z,NaN,2024-01-26T02:51:18Z,2024-01-26T02:51:18Z,SURVEILLANCE,KNOTS,461.0,FEET,35000.0,urn:ogc:def:crs:EPSG::4326,37.909444 -97.9725,FEET,35000.0,urn:ogc:def:crs:EPSG::4326,37.909444 -97.972222,KNOTS,408.0,KNOTS,-216.0,171,128,SWA457,NaN,ACTIVE,NaN,urn:uuid,035e9451-ea6d-4f17-8045-0ecfde8030c4,SWA,NaN,MSG_SEQ_NO,49011696,NaN,FDPS_GUFI,us.fdps.2024-01-25T23:09:29Z.000/03/500,NaN,FLIGHT_PLAN_SEQ_NO,4,NaN,SOURCE_TIME_AND_SEQ,0251266105,NaN,SOURCE_TIME,02_51_26,NaN,ADSB_POS_174A,37.909444/-97.972222,NaN,ADSB_ALT_175A,35000.0,NaN,ADSB_VEL_176A,+408/-216,NaN,ADSB_TIME_177A,2024-01-26T02:51:18Z,NaN,ADSB_02M_52B,-AC2836,NaN,FEET,35000.0,KD83369500,NaN,,,,,
59,ZKC,TH,SLC,2024-01-26T02:51:27.102Z,KSTL,2024-01-26T03:26:00Z,NaN,ZKC,30,NaN,KSLC,2024-01-26T01:01:00Z,NaN,2024-01-26T02:51:23Z,2024-01-26T02:51:23Z,SURVEILLANCE,KNOTS,491.0,FEET,37000.0,urn:ogc:def:crs:EPSG::4326,39.106111 -94.447222,FEET,37000.0,urn:ogc:def:crs:EPSG::4326,39.106111 -94.446944,KNOTS,491.0,KNOTS,-20.0,546,210,DAL872,NaN,ACTIVE,NaN,urn:uuid,a4b09586-354f-4807-b06e-94a919d0c347,DAL,NaN,MSG_SEQ_NO,49011697,NaN,FDPS_GUFI,us.fdps.2024-01-25T23:46:01Z.000/20/501,NaN,FLIGHT_PLAN_SEQ_NO,6,NaN,SOURCE_TIME_AND_SEQ,0251266105,NaN,SOURCE_TIME,02_51_26,NaN,ADSB_02M_52B,-A37265,NaN,,,,,,,,,,,,,FEET,37000.0,KU85561501,NaN,,,,,
60,ZKC,TH,SLC,2024-01-26T02:51:27.102Z,KSGF,2024-01-26T02:33:00Z,NaN,ZKC,62,NaN,KICT,2024-01-26T02:48:00Z,NaN,2024-01-26T02:51:21Z,2024-01-26T02:51:21Z,SURVEILLANCE,KNOTS,279.0,FEET,7900.0,urn:ogc:def:crs:EPSG::4326,37.575556 -97.311944,FEET,7900.0,urn:ogc:def:crs:EPSG::4326,37.575556 -97.311944,KNOTS,286.0,KNOTS,13.0,133,254,ENY3320,NaN,ACTIVE,NaN,urn:uuid,fec37955-1b2b-4bc5-9797-c4ccb0358988,ENY,NaN,MSG_SEQ_NO,49011695,NaN,FDPS_GUFI,us.fdps.2024-01-26T02:12:22Z.000/10/600,NaN,FLIGHT_PLAN_SEQ_NO,4,NaN,SOURCE_TIME_AND_SEQ,0251266105,NaN,SOURCE_TIME,02_51_26,NaN,ADSB_POS_174A,37.575556/-97.311944,NaN,ADSB_ALT_175A,7900.0,NaN,ADSB_VEL_176A,+286/+13,NaN,ADSB_TIME_177A,2024-01-26T02:51:21Z,NaN,ADSB_02M_52B,-AA9CA8,NaN,FEET,17000.0,KK07942600,NaN,,,,,
61,ZKC,TH,SLC,2024-01-26T02:51:27.102Z,KSAN,2024-01-26T06:10:00Z,NaN,ZKC,92,NaN,KPHL,2024-01-26T00:43:00Z,NaN,2024-01-26T02:51:15Z,2024-01-26T02:51:15Z,SURVEILLANCE,KNOTS,397.0,FEET,32000.0,urn:ogc:def:crs:EPSG::4326,39.784167 -91.442778,FEET,32000.0,urn:ogc:def:crs:EPSG::4326,39.784167 -91.443056,KNOTS,-394.0,KNOTS,-47.0,106,25,AAL2360,NaN,ACTIVE,NaN,urn:uuid,00af74b4-bccc-4ac3-8b6b-84b27641df1c,AAL,NaN,MSG_SEQ_NO,49011698,NaN,FDPS_GUFI,us.fdps.2024-01-25T22:56:18Z.000/13/500,NaN,FLIGHT_PLAN_SEQ_NO,14,NaN,SOURCE_TIME_AND_SEQ,0251266105,NaN,SOURCE_TIME,02_51_26,NaN,ADSB_02M_52B,-A4FBAC,NaN,,,,,,,,,,,,,FEET,32000.0,KN82578500,NaN,,,,,
62,ZKC,TH,SLC,2024-01-26T02:51:27.102Z,KDEN,2024-01-26T04:31:00Z,NaN,ZKC,92,NaN,KRDU,2024-01-26T01:11:00Z,NaN,2024-01-26T02:51:16Z,2024-01-26T02:51:16Z,SURVEILLANCE,KNOTS,420.0,FEET,30000.0,urn:ogc:def:crs:EPSG::4326,39.630556 -92.122222,FEET,30000.0,urn:ogc:def:crs:EPSG::4326,39.630556 -92.122222,KNOTS,-406.0,KNOTS,97.0,110,215,FFT4451,NaN,ACTIVE,NaN,urn:uuid,25422de8-16ef-4ec2-b568-22bdf7f6866d,FFT,NaN,MSG_SEQ_NO,49011699,NaN,FDPS_GUFI,us.fdps.2024-01-26T00:04:31Z.000/22/600,NaN,FLIGHT_PLAN_SEQ_NO,14,NaN,SOURCE_TIME_AND_SEQ,0251266105,NaN,SOURCE_TIME,02_51_26,NaN,ADSB_POS_174A,39.630556/-92.122222,NaN,ADSB_ALT_175A,30000.0,NaN,ADSB_VEL_176A,-406/+97,NaN,ADSB_TIME_177A,2024-01-26T02:51:16Z,NaN,ADSB_02M_52B,-A3B414,NaN,FEET,30000.0,KW00271600,NaN,,,,,
63,ZKC,TH,SLC,2024-01-26T02:51:27.113Z,KLAX,2024-01-26T05:08:00Z,NaN,ZKC,22,NaN,KBNA,2024-01-26T01:13:00Z,NaN,2024-01-26T02:51:20Z,2024-01-26T02:51:21Z,SURVEILLANCE,KNOTS,444.0,FEET,32000.0,urn:ogc:def:crs:EPSG::4326,37.42 -99.851111,FEET,32000.0,urn:ogc:def:crs:EPSG::4326,37.42 -99.851111,KNOTS,-448.0,KNOTS,21.0,857,267,DAL966,NaN,ACTIVE,NaN,urn:uuid,35cf7c4c-bb99-4542-a129-71bf2c26c458,DAL,NaN,MSG_SEQ_NO,49011703,NaN,FDPS_GUFI,us.fdps.2024-01-26T00:01:00Z.000/12/600,NaN,FLIGHT_PLAN_SEQ_NO,8,NaN,SOURCE_TIME_AND_SEQ,0251276106,NaN,SOURCE_TIME,02_51_27,NaN,ADSB_POS_174A,37.42/-99.851111,NaN,ADSB_ALT_175A,32000.0,NaN,ADSB_VEL_176A,-448/+21,NaN,ADSB_TIME_177A,2024-01-26T02:51:21Z,NaN,ADSB_02M_52B,-ACD88E,NaN,FEET,32000.0,KM00060600,NaN,,,,,
64,ZKC,TH,SLC,2024-01-26T02:51:27.113Z,KPHX,2024-01-26T04:35:00Z,NaN,ZKC,22,NaN,KPHL,2024-01-25T23:52:00Z,NaN,2024-01-26T02:51:18Z,2024-01-26T02:51:18Z,SURVEILLANCE,KNOTS,413.0,FEET,36000.0,urn:ogc:def:crs:EPSG::4326,38.2425 -100.2475,FEET,36000.0,urn:ogc:def:crs:EPSG::4326,38.242222 -100.248611,KNOTS,-390.0,KNOTS,-135.0,510,69,AAL1956,NaN,ACTIVE,NaN,urn:uuid,09b29609-f92b-41b5-9b71-3262787fbe16,AAL,NaN,MSG_SEQ_NO,49011705,NaN,FDPS_GUFI,us.fdps.2024-01-25T22:25:20Z.000/13/500,NaN,FLIGHT_PLAN_SEQ_NO,10,NaN,SOURCE_TIME_AND_SEQ,0251276106,NaN,SOURCE_TIME,02_51_27,NaN,ADSB_02M_52B,-A77B76,NaN,,,,,,,,,,,,,FEET,36000.0,KN80720500,NaN,,,,,
65,ZKC,TH,SLC,2024-01-26T02:51:27.113Z,KBWI,2024-01-26T04:20:00Z,NaN,ZKC,50,NaN,KABQ,2024-01-26T01:14:00Z,NaN,2024-01-26T02:51:15Z,2024-01-26T02:51:14Z,SURVEILLANCE,KNOTS,536.0,FEET,39000.0,urn:ogc:def:crs:EPSG::4326,39.065 -91.616389,FEET,39000.0,urn:ogc:def:crs:EPSG::4326,39.065 -91.616389,KNOTS,528.0,KNOTS,114.0,479,90,SWA2524,NaN,ACTIVE,NaN,urn:uuid,d2c2068d-5da0-4f2d-b629-b14e65144fd6,SWA,NaN,MSG_SEQ_NO,49011704,NaN,FDPS_GUFI,us.fdps.2024-01-25T19:36:43Z.000/00/500,NaN,FLIGHT_PLAN_SEQ_NO,5,NaN,SOURCE_TIME_AND_SEQ,0251276106,NaN,SOURCE_TIME,02_51_27,NaN,ADSB_POS_174A,39.065/-91.616389,NaN,ADSB_ALT_175A,39000.0,NaN,ADSB_VEL_176A,+528/+114,NaN,ADSB_TIME_177A,2024-01-26T02:51:14Z,NaN,ADSB_02M_52B,-AC23EF,NaN,FEET,39000.0,KA70603500,NaN,,,,,
66,ZKC,TH,SLC,2024-01-26T02:51:27.113Z,KTPA,2024-01-26T05:30:00Z,NaN,ZKC,06,NaN,KDEN,2024-01-26T02:19:00Z,NaN,2024-01-26T02:51:18Z,2024-01-26T02:51:17Z,SURVEILLANCE,KNOTS,454.0,FEET,37000.0,urn:ogc:def:crs:EPSG::4326,38.761944 -100.070833,FEET,37000.0,urn:ogc:def:crs:EPSG::4326,38.761389 -100.069444,KNOTS,405.0,KNOTS,-205.0,243,161,SWA534,NaN,ACTIVE,NaN,urn:uuid,f62f93b0-2e4a-4aa1-9e03-d18d66dacb79,SWA,NaN,MSG_SEQ_NO,49011711,NaN,FDPS_GUFI,us.fdps.2024-01-26T00:02:23Z.000/03/600,NaN,FLIGHT_PLAN_SEQ_NO,4,NaN,SOURCE_TIME_AND_SEQ,0251276106,NaN,SOURCE_TIME,02_51_27,NaN,ADSB_02M_52B,-A5CE40,NaN,,,,,,,,,,,,,FEET,37000.0,KD00143600,NaN,,,,,
67,ZKC,TH,SLC,2024-01-26T02:51:27.113Z,KSTL,2024-01-26T03:09:00Z,NaN,ZKC,12,NaN,KEWR,2024-01-26T00:56:00Z,NaN,2024-01-26T02:51:19Z,2024-01-26T02:51:20Z,SURVEILLANCE,KNOTS,322.0,FEET,19700.0,urn:ogc:def:crs:EPSG::4326,39.111667 -89.096667,FEET,19700.0,urn:ogc:def:crs:EPSG::4326,39.111944 -89.096667,KNOTS,-311.0,KNOTS,-110.0,621,139,RPA3544,NaN,ACTIVE,NaN,urn:uuid,bee1a392-f1bb-4f61-a5cf-339fef9b9f9c,RPA,NaN,MSG_SEQ_NO,49011713,NaN,FDPS_GUFI,us.fdps.2024-01-25T23:41:05Z.000/13/500,NaN,FLIGHT_PLAN_SEQ_NO,16,NaN,SOURCE_TIME_AND_SEQ,0251276106,NaN,SOURCE_TIME,02_51_27,NaN,ADSB_POS_174A,39.111944/-89.096667,NaN,ADSB_ALT_175A,19700.0,NaN,ADSB_VEL_176A,-311/-110,NaN,ADSB_TIME_177A,2024-01-26T02:51:20Z,NaN,ADSB_02M_52B,-ABD41A,NaN,FEET,9000.0,KN85265500,NaN,,,,,
68,ZKC,TH,SLC,2024-01-26T02:51:27.113Z,KSTL,2024-01-26T03:13:00Z,NaN,ZKC,53,NaN,KDAL,2024-01-26T02:00:00Z,NaN,2024-01-26T02:51:25Z,2024-01-26T02:51:25Z,SURVEILLANCE,KNOTS,487.0,FEET,24000.0,urn:ogc:def:crs:EPSG::4326,38.141111 -92.255,FEET,24000.0,urn:ogc:def:crs:EPSG::4326,38.141111 -92.255,KNOTS,405.0,KNOTS,275.0,327,346,SWA2793,NaN,ACTIVE,NaN,urn:uuid,d86e3587-be7f-4b09-a8dd-98fe5205d89c,SWA,NaN,MSG_SEQ_NO,49011714,NaN,FDPS_GUFI,us.fdps.2024-01-25T23:30:13Z.000/05/500,NaN,FLIGHT_PLAN_SEQ_NO,6,NaN,SOURCE_TIME_AND_SEQ,0251276106,NaN,SOURCE_TIME,02_51_27,NaN,ADSB_POS_174A,38.141111/-92.255,NaN,ADSB_ALT_175A,24000.0,NaN,ADSB_VEL_176A,+405/+275,NaN,ADSB_TIME_177A,2024-01-26T02:51:25Z,NaN,ADSB_02M_52B,-A72CA2,NaN,FEET,11000.0,KF84613500,NaN,,,,,
69,ZKC,TH,SLC,2024-01-26T02:51:27.113Z,KFAR,2024-01-26T04:04:00Z,NaN,ZKC,26,NaN,KDFW,2024-01-26T02:04:00Z,NaN,2024-01-26T02:51:19Z,2024-01-26T02:51:19Z,SURVEILLANCE,KNOTS,469.0,FEET,34000.0,urn:ogc:def:crs:EPSG::4326,38.2075 -96.951111,FEET,34000.0,urn:ogc:def:crs:EPSG::4326,38.207222 -96.951111,KNOTS,5.0,KNOTS,468.0,140,204,ENY3551,NaN,ACTIVE,NaN,urn:uuid,30ae5a34-4df8-4d8c-9026-9e8db38e96e6,ENY,NaN,MSG_SEQ_NO,49011715,NaN,FDPS_GUFI,us.fdps.2024-01-26T01:03:26Z.000/05/600,NaN,FLIGHT_PLAN_SEQ_NO,5,NaN,SOURCE_TIME_AND_SEQ,0251276106,NaN,SOURCE_TIME,02_51_27,NaN,ADSB_POS_174A,38.207222/-96.951111,NaN,ADSB_ALT_175A,34000.0,NaN,ADSB_VEL_176A,+5/+468,NaN,ADSB_TIME_177A,2024-01-26T02:51:19Z,NaN,ADSB_02M_52B,-A1CD4E,NaN,FEET,34000.0,KF03806600,NaN,,,,,
70,ZKC,TH,SLC,2024-01-26T02:51:27.113Z,KSUS,2024-01-26T02:53:00Z,NaN,STL,1M,NaN,KCHS,2024-01-26T01:19:00Z,NaN,2024-01-26T02:51:25Z,2024-01-26T02:51:25Z,SURVEILLANCE,KNOTS,166.0,FEET,1900.0,urn:ogc:def:crs:EPSG::4326,38.685556 -90.489444,FEET,1900.0,urn:ogc:def:crs:EPSG::4326,38.685556 -90.489444,KNOTS,-166.0,KNOTS,-31.0,384,68,DCM5945,NaN,ACTIVE,NaN,urn:uuid,14d57b71-9f4b-4767-8122-0884cb3810a9,DCM,NaN,MSG_SEQ_NO,49011716,NaN,FDPS_GUFI,us.fdps.2024-01-26T00:37:57Z.000/09/600,NaN,FLIGHT_PLAN_SEQ_NO,17,NaN,SOURCE_TIME_AND_SEQ,0251276106,NaN,SOURCE_TIME,02_51_27,NaN,ADSB_POS_174A,38.685556/-90.489444,NaN,ADSB_ALT_175A,1900.0,NaN,ADSB_VEL_176A,-166/-31,NaN,ADSB_TIME_177A,2024-01-26T02:51:25Z,NaN,ADSB_02M_52B,-A001BD,NaN,FEET,12000.0,KJ02277600,NaN,,,,,
71,ZKC,TH,SLC,2024-01-26T02:51:27.113Z,KCOU,2024-01-26T03:17:00Z,NaN,ZKC,44,NaN,KPUB,2024-01-26T01:39:00Z,NaN,2024-01-26T02:51:23Z,2024-01-26T02:51:23Z,SURVEILLANCE,KNOTS,435.0,FEET,23400.0,urn:ogc:def:crs:EPSG::4326,38.882778 -94.065556,FEET,23400.0,urn:ogc:def:crs:EPSG::4326,38.882778 -94.065833,KNOTS,434.0,KNOTS,-15.0,226,216,N527HV,NaN,ACTIVE,NaN,urn:uuid,ea5a2fab-d760-4307-85e3-613510892a53,,,MSG_SEQ_NO,49011720,NaN,FDPS_GUFI,us.fdps.2024-01-26T01:14:29Z.000/03/600,NaN,FLIGHT_PLAN_SEQ_NO,5,NaN,SOURCE_TIME_AND_SEQ,0251276106,NaN,SOURCE_TIME,02_51_27,NaN,ADSB_02M_52B,-A6A3B2,NaN,,,,,,,,,,,,,FEET,8000.0,KD04469600,NaN,,,,,
72,ZKC,TH,SLC,2024-01-26T02:51:27.113Z,KSAN,2024-01-26T05:39:00Z,NaN,ZKC,26,NaN,KEWR,2024-01-26T00:24:00Z,NaN,2024-01-26T02:51:20Z,2024-01-26T02:51:20Z,SURVEILLANCE,KNOTS,430.0,FEET,40000.0,urn:ogc:def:crs:EPSG::4326,40.175278 -93.991111,FEET,40000.0,urn:ogc:def:crs:EPSG::4326,40.175556 -93.991111,KNOTS,-429.0,KNOTS,-66.0,258,241,MEDVC4B,NaN,ACTIVE,NaN,urn:uuid,b2dc7a01-e516-4f04-8c59-dda8656ea6ad,,,MSG_SEQ_NO,49011717,NaN,FDPS_GUFI,us.fdps.2024-01-26T00:21:00Z.919/13/690,NaN,FLIGHT_PLAN_SEQ_NO,8,NaN,SOURCE_TIME_AND_SEQ,0251276106,NaN,SOURCE_TIME,02_51_27,NaN,ADSB_POS_174A,40.175556/-93.991111,NaN,ADSB_ALT_175A,40000.0,NaN,ADSB_VEL_176A,-429/-66,NaN,ADSB_TIME_177A,2024-01-26T02:51:20Z,NaN,ADSB_02M_52B,-7103E8,NaN,FEET,40000.0,KN01350690,NaN,,,,,
73,ZKC,TH,SLC,2024-01-26T02:51:27.113Z,KTUL,2024-01-26T02:51:00Z,NaN,TUL,1W,NaN,KIAH,2024-01-26T01:57:00Z,NaN,2024-01-26T02:51:16Z,2024-01-26T02:51:16Z,SURVEILLANCE,KNOTS,205.0,FEET,3200.0,urn:ogc:def:crs:EPSG::4326,36.066111 -95.891111,FEET,3200.0,urn:ogc:def:crs:EPSG::4326,36.066667 -95.891111,KNOTS,14.0,KNOTS,205.0,055,4,ASH6179,NaN,ACTIVE,NaN,urn:uuid,38e477ce-3e82-4a12-9c82-88bf2871939b,ASH,NaN,MSG_SEQ_NO,49011732,NaN,FDPS_GUFI,us.fdps.2024-01-26T00:36:21Z.000/07/600,NaN,FLIGHT_PLAN_SEQ_NO,9,NaN,SOURCE_TIME_AND_SEQ,0251276106,NaN,SOURCE_TIME,02_51_27,NaN,ADSB_02M_52B,-ACBEB0,NaN,,,,,,,,,,,,,FEET,10000.0,KH02181600,NaN,,,,,
74,ZKC,TH,SLC,2024-01-26T02:51:27.113Z,KDEN,2024-01-26T04:16:00Z,NaN,ZKC,02,NaN,KMIA,2024-01-26T00:22:00Z,NaN,2024-01-26T02:51:19Z,2024-01-26T02:51:19Z,SURVEILLANCE,KNOTS,405.0,FEET,34000.0,urn:ogc:def:crs:EPSG::4326,37.073889 -96.310278,FEET,34000.0,urn:ogc:def:crs:EPSG::4326,37.073611 -96.309722,KNOTS,-370.0,KNOTS,164.0,255,21,AAL1817,NaN,ACTIVE,NaN,urn:uuid,f2bd6d7b-f5db-43ea-a164-d7317f972cc6,AAL,NaN,MSG_SEQ_NO,49011734,NaN,FDPS_GUFI,us.fdps.2024-01-25T20:42:20Z.000/17/500,NaN,FLIGHT_PLAN_SEQ_NO,15,NaN,SOURCE_TIME_AND_SEQ,0251276106,NaN,SOURCE_TIME,02_51_27,NaN,ADSB_02M_52B,-AD00E3,NaN,,,,,,,,,,,,,FEET,34000.0,KR74540500,NaN,,,,,
75,ZKC,TH,SLC,2024-01-26T02:51:27.113Z,KMSP,2024-01-26T03:54:00Z,NaN,ZKC,02,NaN,KDFW,2024-01-26T02:07:00Z,NaN,2024-01-26T02:51:20Z,2024-01-26T02:51:20Z,SURVEILLANCE,KNOTS,488.0,FEET,33000.0,urn:ogc:def:crs:EPSG::4326,37.936944 -95.74,FEET,33000.0,urn:ogc:def:crs:EPSG::4326,37.937778 -95.739722,KNOTS,124.0,KNOTS,472.0,792,109,AAL2806,NaN,ACTIVE,NaN,urn:uuid,f8920734-c5bf-4779-bcae-9f1652c840e9,AAL,NaN,MSG_SEQ_NO,49011735,NaN,FDPS_GUFI,us.fdps.2024-01-26T00:01:17Z.000/05/600,NaN,FLIGHT_PLAN_SEQ_NO,5,NaN,SOURCE_TIME_AND_SEQ,0251276106,NaN,SOURCE_TIME,02_51_27,NaN,ADSB_02M_52B,-A777BF,NaN,,,,,,,,,,,,,FEET,33000.0,KF00077600,NaN,,,,,
76,ZKC,TH,SLC,2024-01-26T02:51:27.113Z,KDAL,2024-01-26T04:02:00Z,NaN,ZKC,29,NaN,KMDW,2024-01-26T02:04:00Z,NaN,2024-01-26T02:51:25Z,2024-01-26T02:51:24Z,SURVEILLANCE,KNOTS,372.0,FEET,31100.0,urn:ogc:def:crs:EPSG::4326,38.27 -91.161667,FEET,31100.0,urn:ogc:def:crs:EPSG::4326,38.27 -91.161944,KNOTS,-254.0,KNOTS,-288.0,622,231,SWA2523,NaN,ACTIVE,NaN,urn:uuid,24c56c53-e707-498a-a65d-4a7704879f60,SWA,NaN,MSG_SEQ_NO,49011736,NaN,FDPS_GUFI,us.fdps.2024-01-25T23:35:09Z.000/06/500,NaN,FLIGHT_PLAN_SEQ_NO,4,NaN,SOURCE_TIME_AND_SEQ,0251276106,NaN,SOURCE_TIME,02_51_27,NaN,ADSB_POS_174A,38.27/-91.161944,NaN,ADSB_ALT_175A,31100.0,NaN,ADSB_VEL_176A,-254/-288,NaN,ADSB_TIME_177A,2024-01-26T02:51:24Z,NaN,ADSB_02M_52B,-ABFDF8,NaN,FEET,28000.0,KG84909500,NaN,,,,,
77,ZKC,TH,SLC,2024-01-26T02:51:27.113Z,KLAX,2024-01-26T05:16:00Z,NaN,ZKC,06,NaN,KPHL,2024-01-25T23:58:00Z,NaN,2024-01-26T02:51:15Z,2024-01-26T02:51:15Z,SURVEILLANCE,KNOTS,391.0,FEET,34000.0,urn:ogc:def:crs:EPSG::4326,38.656111 -98.931111,FEET,34000.0,urn:ogc:def:crs:EPSG::4326,38.656111 -98.931944,KNOTS,-385.0,KNOTS,-69.0,979,36,AAL1989,NaN,ACTIVE,NaN,urn:uuid,adb7f25a-4bd3-412a-a14b-81282f95dc20,AAL,NaN,MSG_SEQ_NO,49011744,NaN,FDPS_GUFI,us.fdps.2024-01-25T22:24:17Z.000/13/500,NaN,FLIGHT_PLAN_SEQ_NO,11,NaN,SOURCE_TIME_AND_SEQ,0251276106,NaN,SOURCE_TIME,02_51_27,NaN,ADSB_02M_52B,-A535BE,NaN,,,,,,,,,,,,,FEET,34000.0,KN80657500,NaN,,,,,
78,ZKC,TH,SLC,2024-01-26T02:51:27.113Z,KDEN,2024-01-26T04:00:00Z,NaN,ZKC,02,NaN,KCLT,2024-01-26T00:55:00Z,NaN,2024-01-26T02:51:20Z,2024-01-26T02:51:19Z,SURVEILLANCE,KNOTS,413.0,FEET,30000.0,urn:ogc:def:crs:EPSG::4326,37.933056 -96.325278,FEET,30000.0,urn:ogc:def:crs:EPSG::4326,37.933056 -96.325278,KNOTS,-417.0,KNOTS,8.0,797,103,FFT1361,NaN,ACTIVE,NaN,urn:uuid,644b3b87-8017-43e4-92c4-2faf2fd09186,FFT,NaN,MSG_SEQ_NO,49011742,NaN,FDPS_GUFI,us.fdps.2024-01-25T23:51:46Z.000/19/500,NaN,FLIGHT_PLAN_SEQ_NO,9,NaN,SOURCE_TIME_AND_SEQ,0251276106,NaN,SOURCE_TIME,02_51_27,NaN,ADSB_POS_174A,37.933056/-96.325278,NaN,ADSB_ALT_175A,30000.0,NaN,ADSB_VEL_176A,-417/+8,NaN,ADSB_TIME_177A,2024-01-26T02:51:19Z,NaN,ADSB_02M_52B,-A3A538,NaN,FEET,30000.0,KT85906500,NaN,,,,,
79,ZKC,TH,SLC,2024-01-26T02:51:27.128Z,KPHX,2024-01-26T04:30:00Z,NaN,ZKC,22,NaN,KMCI,2024-01-26T02:09:00Z,NaN,2024-01-26T02:51:19Z,2024-01-26T02:51:19Z,SURVEILLANCE,KNOTS,406.0,FEET,38000.0,urn:ogc:def:crs:EPSG::4326,38.112222 -100.035278,FEET,38000.0,urn:ogc:def:crs:EPSG::4326,38.112222 -100.035,KNOTS,-387.0,KNOTS,-135.0,639,272,SWA953,NaN,ACTIVE,NaN,urn:uuid,39e40c79-623a-400e-95d0-7d606a207aa6,SWA,NaN,MSG_SEQ_NO,49011745,NaN,FDPS_GUFI,us.fdps.2024-01-25T23:31:54Z.000/10/500,NaN,FLIGHT_PLAN_SEQ_NO,5,NaN,SOURCE_TIME_AND_SEQ,0251276107,NaN,SOURCE_TIME,02_51_27,NaN,ADSB_POS_174A,38.112222/-100.035,NaN,ADSB_ALT_175A,38000.0,NaN,ADSB_VEL_176A,-387/-135,NaN,ADSB_TIME_177A,2024-01-26T02:51:19Z,NaN,ADSB_02M_52B,-AAB146,NaN,FEET,38000.0,KK84714500,NaN,,,,,
80,ZKC,TH,SLC,2024-01-26T02:51:27.128Z,KLAS,2024-01-26T05:06:00Z,NaN,ZKC,26,NaN,KSTL,2024-01-26T02:19:00Z,NaN,2024-01-26T02:51:22Z,2024-01-26T02:51:21Z,SURVEILLANCE,KNOTS,467.0,FEET,43000.0,urn:ogc:def:crs:EPSG::4326,39.268889 -95.0925,FEET,43000.0,urn:ogc:def:crs:EPSG::4326,39.268889 -95.0925,KNOTS,-468.0,KNOTS,-28.0,613,140,N344AP,NaN,ACTIVE,NaN,urn:uuid,db4079b8-15a2-4c5f-912f-f4c510f56ca3,,,MSG_SEQ_NO,49011746,NaN,FDPS_GUFI,us.fdps.2024-01-25T22:30:34Z.000/10/500,NaN,FLIGHT_PLAN_SEQ_NO,3,NaN,SOURCE_TIME_AND_SEQ,0251276107,NaN,SOURCE_TIME,02_51_27,NaN,ADSB_POS_174A,39.268889/-95.0925,NaN,ADSB_ALT_175A,43000.0,NaN,ADSB_VEL_176A,-468/-28,NaN,ADSB_TIME_177A,2024-01-26T02:51:21Z,NaN,ADSB_02M_52B,-A3CC38,NaN,FEET,43000.0,KK81034500,NaN,,,,,
81,ZKC,TH,SLC,2024-01-26T02:51:27.128Z,KDFW,2024-01-26T04:37:00Z,NaN,ZKC,12,NaN,KORD,2024-01-26T02:35:00Z,NaN,2024-01-26T02:51:20Z,2024-01-26T02:51:20Z,SURVEILLANCE,KNOTS,412.0,FEET,30000.0,urn:ogc:def:crs:EPSG::4326,40.533333 -88.570833,FEET,30000.0,urn:ogc:def:crs:EPSG::4326,40.532778 -88.571111,KNOTS,-132.0,KNOTS,-390.0,763,27,AAL2281,NaN,ACTIVE,NaN,urn:uuid,45e94143-3552-43fc-aeb2-ca4da2caf7ad,AAL,NaN,MSG_SEQ_NO,49011750,NaN,FDPS_GUFI,us.fdps.2024-01-26T01:05:17Z.000/06/600,NaN,FLIGHT_PLAN_SEQ_NO,4,NaN,SOURCE_TIME_AND_SEQ,0251276107,NaN,SOURCE_TIME,02_51_27,NaN,ADSB_02M_52B,-AD2862,NaN,,,,,,,,,,,,,FEET,30000.0,KG03917600,NaN,,,,,
82,ZKC,TH,SLC,2024-01-26T02:51:27.128Z,KOMA,2024-01-26T03:37:00Z,NaN,ZKC,27,NaN,KHOU,2024-01-26T02:01:00Z,NaN,2024-01-26T02:51:15Z,2024-01-26T02:51:15Z,SURVEILLANCE,KNOTS,488.0,FEET,43000.0,urn:ogc:def:crs:EPSG::4326,35.521111 -96.226111,FEET,43000.0,urn:ogc:def:crs:EPSG::4326,35.521111 -96.226111,KNOTS,2.0,KNOTS,491.0,644,136,DZR341,NaN,ACTIVE,NaN,urn:uuid,c58913d1-b85b-41f1-9fe9-ec958516b569,DZR,NaN,MSG_SEQ_NO,49011753,NaN,FDPS_GUFI,us.fdps.2024-01-25T22:07:08Z.000/07/500,NaN,FLIGHT_PLAN_SEQ_NO,5,NaN,SOURCE_TIME_AND_SEQ,0251276107,NaN,SOURCE_TIME,02_51_27,NaN,ADSB_POS_174A,35.521111/-96.226111,NaN,ADSB_ALT_175A,43000.0,NaN,ADSB_VEL_176A,+2/+491,NaN,ADSB_TIME_177A,2024-01-26T02:51:15Z,NaN,ADSB_02M_52B,-A3C1E6,NaN,FEET,43000.0,KH79628500,NaN,,,,,
83,ZKC,TH,SLC,2024-01-26T02:51:27.128Z,KSFO,2024-01-26T05:44:00Z,NaN,ZKC,22,NaN,KFLL,2024-01-26T00:07:00Z,NaN,2024-01-26T02:51:21Z,2024-01-26T02:51:21Z,SURVEILLANCE,KNOTS,443.0,FEET,34000.0,urn:ogc:def:crs:EPSG::4326,35.997778 -98.930278,FEET,34000.0,urn:ogc:def:crs:EPSG::4326,35.997778 -98.93,KNOTS,-428.0,KNOTS,123.0,755,39,UAL2158,NaN,ACTIVE,NaN,urn:uuid,0fa9db88-0ca7-47da-a717-4d0d8058726a,UAL,NaN,MSG_SEQ_NO,49011755,NaN,FDPS_GUFI,us.fdps.2024-01-25T20:48:37Z.000/17/500,NaN,FLIGHT_PLAN_SEQ_NO,21,NaN,SOURCE_TIME_AND_SEQ,0251276107,NaN,SOURCE_TIME,02_51_27,NaN,ADSB_POS_174A,35.997778/-98.93,NaN,ADSB_ALT_175A,34000.0,NaN,ADSB_VEL_176A,-428/+123,NaN,ADSB_TIME_177A,2024-01-26T02:51:21Z,NaN,ADSB_02M_52B,-A126E8,NaN,FEET,34000.0,KR74917500,NaN,,,,,
84,ZKC,TH,SLC,2024-01-26T02:51:27.128Z,KJFK,2024-01-26T05:45:00Z,NaN,ZKC,22,NaN,KLAX,2024-01-26T00:56:00Z,NaN,2024-01-26T02:51:15Z,2024-01-26T02:51:14Z,SURVEILLANCE,KNOTS,457.0,FEET,33000.0,urn:ogc:def:crs:EPSG::4326,36.223056 -100.970833,FEET,33000.0,urn:ogc:def:crs:EPSG::4326,36.223333 -100.969722,KNOTS,430.0,KNOTS,154.0,026,54,JBU1124,NaN,ACTIVE,NaN,urn:uuid,f3102fb5-8de4-4798-bab9-c88739ad3758,JBU,NaN,MSG_SEQ_NO,49011754,NaN,FDPS_GUFI,us.fdps.2024-01-25T23:25:51Z.000/11/500,NaN,FLIGHT_PLAN_SEQ_NO,8,NaN,SOURCE_TIME_AND_SEQ,0251276107,NaN,SOURCE_TIME,02_51_27,NaN,ADSB_02M_52B,-A1CE99,NaN,,,,,,,,,,,,,FEET,33000.0,KL84351500,NaN,,,,,
85,ZKC,TH,SLC,2024-01-26T02:51:27.128Z,KORD,,,ZKC,50,NaN,MMUN,,,2024-01-26T02:51:23Z,2024-01-26T02:51:23Z,SURVEILLANCE,KNOTS,467.0,FEET,30000.0,urn:ogc:def:crs:EPSG::4326,38.28 -90.368611,FEET,30000.0,urn:ogc:def:crs:EPSG::4326,38.280278 -90.368333,KNOTS,-62.0,KNOTS,460.0,182,312,NKS125,NaN,ACTIVE,NaN,urn:uuid,cb2092ab-d5d7-470e-8c8d-d5b13e161092,NKS,NaN,MSG_SEQ_NO,49011756,NaN,FDPS_GUFI,us.fdps.2024-01-26T00:34:45Z.000/07/601,NaN,FLIGHT_PLAN_SEQ_NO,17,NaN,SOURCE_TIME_AND_SEQ,0251276107,NaN,SOURCE_TIME,02_51_27,NaN,ADSB_POS_174A,38.280278/-90.368333,NaN,ADSB_ALT_175A,30000.0,NaN,ADSB_VEL_176A,-62/+460,NaN,ADSB_TIME_177A,2024-01-26T02:51:23Z,NaN,ADSB_02M_52B,-A8EBCA,NaN,FEET,30000.0,KH02085601,NaN,,,,NaN,NaN
86,ZKC,TH,SLC,2024-01-26T02:51:27.128Z,KCBK,2024-01-26T05:50:00Z,NaN,ZKC,68,NaN,KLBL,2024-01-26T02:49:00Z,NaN,2024-01-26T02:51:23Z,2024-01-26T02:51:24Z,SURVEILLANCE,KNOTS,165.0,FEET,7700.0,urn:ogc:def:crs:EPSG::4326,37.113056 -101.060833,FEET,7700.0,urn:ogc:def:crs:EPSG::4326,37.113056 -101.060833,KNOTS,3.0,KNOTS,169.0,347,112,EMD23,NaN,ACTIVE,NaN,urn:uuid,629e767a-2b42-489e-9461-cf8c159b29da,EMD,NaN,MSG_SEQ_NO,49011757,NaN,FDPS_GUFI,us.fdps.2024-01-26T02:09:44Z.000/10/600,NaN,FLIGHT_PLAN_SEQ_NO,3,NaN,SOURCE_TIME_AND_SEQ,0251276107,NaN,SOURCE_TIME,02_51_27,NaN,ADSB_POS_174A,37.113056/-101.060833,NaN,ADSB_ALT_175A,7700.0,NaN,ADSB_VEL_176A,+3/+169,NaN,ADSB_TIME_177A,2024-01-26T02:51:24Z,NaN,ADSB_02M_52B,-A3875E,NaN,FEET,14000.0,KK07784600,NaN,,,,,
87,ZKC,TH,SLC,2024-01-26T02:51:27.128Z,KMCI,2024-01-26T02:55:00Z,NaN,MCI,1E,NaN,KSLC,2024-01-26T00:58:00Z,NaN,2024-01-26T02:51:23Z,2024-01-26T02:51:23Z,SURVEILLANCE,KNOTS,234.0,FEET,4100.0,urn:ogc:def:crs:EPSG::4326,39.0975 -94.800833,FEET,4100.0,urn:ogc:def:crs:EPSG::4326,39.0975 -94.800833,KNOTS,227.0,KNOTS,-25.0,097,266,DAL1563,NaN,ACTIVE,NaN,urn:uuid,732f115d-a050-45c2-8fd4-ce34699f106f,DAL,NaN,MSG_SEQ_NO,49011758,NaN,FDPS_GUFI,us.fdps.2024-01-25T23:27:01Z.000/20/500,NaN,FLIGHT_PLAN_SEQ_NO,11,NaN,SOURCE_TIME_AND_SEQ,0251276107,NaN,SOURCE_TIME,02_51_27,NaN,ADSB_POS_174A,39.0975/-94.800833,NaN,ADSB_ALT_175A,4100.0,NaN,ADSB_VEL_176A,+227/-25,NaN,ADSB_TIME_177A,2024-01-26T02:51:23Z,NaN,ADSB_02M_52B,-A4503D,NaN,FEET,12000.0,KU84421500,NaN,,,,,
88,ZKC,TH,SLC,2024-01-26T02:51:27.128Z,KSTL,2024-01-26T03:00:00Z,NaN,STL,1N,NaN,KLGA,2024-01-26T00:45:00Z,NaN,2024-01-26T02:51:19Z,2024-01-26T02:51:20Z,SURVEILLANCE,KNOTS,257.0,FEET,7900.0,urn:ogc:def:crs:EPSG::4326,38.775556 -89.872222,FEET,7900.0,urn:ogc:def:crs:EPSG::4326,38.775556 -89.871944,KNOTS,-180.0,KNOTS,-182.0,533,229,EDV5395,NaN,ACTIVE,NaN,urn:uuid,52ee6dd6-2860-4ba7-b483-34cf8b5a9fe4,EDV,NaN,MSG_SEQ_NO,49011759,NaN,FDPS_GUFI,us.fdps.2024-01-25T22:44:21Z.000/13/500,NaN,FLIGHT_PLAN_SEQ_NO,13,NaN,SOURCE_TIME_AND_SEQ,0251276107,NaN,SOURCE_TIME,02_51_27,NaN,ADSB_02M_52B,-A19357,NaN,,,,,,,,,,,,,FEET,9000.0,KN81861500,NaN,,,,,
89,ZKC,TH,SLC,2024-01-26T02:51:27.128Z,KPTK,2024-01-26T04:01:00Z,NaN,ZKC,29,NaN,KXNA,2024-01-26T02:34:00Z,NaN,2024-01-26T02:51:23Z,2024-01-26T02:51:22Z,SURVEILLANCE,KNOTS,461.0,FEET,27000.0,urn:ogc:def:crs:EPSG::4326,36.985 -92.615833,FEET,27000.0,urn:ogc:def:crs:EPSG::4326,36.985 -92.615833,KNOTS,343.0,KNOTS,318.0,307,180,RAX117,NaN,ACTIVE,NaN,urn:uuid,e7badcd9-1408-49a2-a111-13d6847d5f5a,RAX,NaN,MSG_SEQ_NO,49011760,NaN,FDPS_GUFI,us.fdps.2024-01-26T01:47:42Z.000/12/600,NaN,FLIGHT_PLAN_SEQ_NO,7,NaN,SOURCE_TIME_AND_SEQ,0251276107,NaN,SOURCE_TIME,02_51_27,NaN,ADSB_POS_174A,36.985/-92.615833,NaN,ADSB_ALT_175A,27000.0,NaN,ADSB_VEL_176A,+343/+318,NaN,ADSB_TIME_177A,2024-01-26T02:51:22Z,NaN,ADSB_02M_52B,-A0552A,NaN,FEET,35000.0,KM06462600,NaN,,,,,
90,ZKC,TH,SLC,2024-01-26T02:51:27.128Z,KLAS,2024-01-26T05:43:00Z,NaN,ZKC,30,NaN,KBWI,2024-01-26T01:00:00Z,NaN,2024-01-26T02:51:25Z,2024-01-26T02:51:24Z,SURVEILLANCE,KNOTS,377.0,FEET,28000.0,urn:ogc:def:crs:EPSG::4326,38.310556 -91.238611,FEET,28000.0,urn:ogc:def:crs:EPSG::4326,38.310556 -91.238611,KNOTS,-381.0,KNOTS,-28.0,609,123,SWA1548,NaN,ACTIVE,NaN,urn:uuid,4aee5858-a760-4cec-9b7c-d32315e24335,SWA,NaN,MSG_SEQ_NO,49011762,NaN,FDPS_GUFI,us.fdps.2024-01-25T23:04:04Z.000/22/500,NaN,FLIGHT_PLAN_SEQ_NO,11,NaN,SOURCE_TIME_AND_SEQ,0251276107,NaN,SOURCE_TIME,02_51_27,NaN,ADSB_POS_174A,38.310556/-91.238611,NaN,ADSB_ALT_175A,28000.0,NaN,ADSB_VEL_176A,-381/-28,NaN,ADSB_TIME_177A,2024-01-26T02:51:24Z,NaN,ADSB_02M_52B,-ABD60B,NaN,FEET,28000.0,KW83044500,NaN,,,,,
91,ZKC,TH,SLC,2024-01-26T02:51:27.128Z,KMIA,2024-01-26T05:29:00Z,NaN,ZKC,27,NaN,KDEN,2024-01-26T01:56:00Z,NaN,2024-01-26T02:51:21Z,2024-01-26T02:51:21Z,SURVEILLANCE,KNOTS,469.0,FEET,33000.0,urn:ogc:def:crs:EPSG::4326,37.300278 -96.906111,FEET,33000.0,urn:ogc:def:crs:EPSG::4326,37.299722 -96.905,KNOTS,417.0,KNOTS,-213.0,741,76,AAL487,NaN,ACTIVE,NaN,urn:uuid,4a24fcff-fd8f-4b8e-bc78-2db1763a7f8c,AAL,NaN,MSG_SEQ_NO,49011761,NaN,FDPS_GUFI,us.fdps.2024-01-25T23:55:17Z.000/03/500,NaN,FLIGHT_PLAN_SEQ_NO,6,NaN,SOURCE_TIME_AND_SEQ,0251276107,NaN,SOURCE_TIME,02_51_27,NaN,ADSB_02M_52B,-A1226E,NaN,,,,,,,,,,,,,FEET,33000.0,KD86117500,NaN,,,,,
92,ZKC,TH,SLC,2024-01-26T02:51:27.128Z,KPHX,2024-01-26T05:07:00Z,NaN,ZKC,26,NaN,KJFK,2024-01-26T00:22:00Z,NaN,2024-01-26T02:51:21Z,2024-01-26T02:51:21Z,SURVEILLANCE,KNOTS,409.0,FEET,34100.0,urn:ogc:def:crs:EPSG::4326,39.613611 -94.37,FEET,34100.0,urn:ogc:def:crs:EPSG::4326,39.613611 -94.37,KNOTS,-396.0,KNOTS,-100.0,734,248,JBU135,NaN,ACTIVE,NaN,urn:uuid,dfdaf22d-e257-449a-a0f7-59e2153b4880,JBU,NaN,MSG_SEQ_NO,49011763,NaN,FDPS_GUFI,us.fdps.2024-01-25T22:16:38Z.000/13/500,NaN,FLIGHT_PLAN_SEQ_NO,11,NaN,SOURCE_TIME_AND_SEQ,0251276107,NaN,SOURCE_TIME,02_51_27,NaN,ADSB_02M_52B,-A825E3,NaN,,,,,,,,,,,,,FEET,34000.0,KN80198500,NaN,,,,,
93,ZKC,TH,SLC,2024-01-26T02:51:27.128Z,KROG,2024-01-26T03:02:00Z,NaN,ZKC,62,NaN,KSDL,2024-01-26T01:00:00Z,NaN,2024-01-26T02:51:23Z,2024-01-26T02:51:23Z,SURVEILLANCE,KNOTS,427.0,FEET,14200.0,urn:ogc:def:crs:EPSG::4326,36.581944 -94.934722,FEET,14200.0,urn:ogc:def:crs:EPSG::4326,36.581944 -94.934444,KNOTS,425.0,KNOTS,42.0,196,135,N209MD,NaN,ACTIVE,NaN,urn:uuid,84fe9a6e-e4a2-4134-b54d-0a6931528c5c,,,MSG_SEQ_NO,49011764,NaN,FDPS_GUFI,us.fdps.2024-01-26T00:04:43Z.000/00/600,NaN,FLIGHT_PLAN_SEQ_NO,4,NaN,SOURCE_TIME_AND_SEQ,0251276107,NaN,SOURCE_TIME,02_51_27,NaN,ADSB_02M_52B,-A1B489,NaN,,,,,,,,,,,,,FEET,24000.0,KA00283600,NaN,FSM,1E,NaN,,
94,ZKC,TH,SLC,2024-01-26T02:51:27.128Z,KMCI,2024-01-26T02:56:00Z,NaN,MCI,1E,NaN,KLGA,2024-01-26T00:14:00Z,NaN,2024-01-26T02:51:22Z,2024-01-26T02:51:21Z,SURVEILLANCE,KNOTS,322.0,FEET,12000.0,urn:ogc:def:crs:EPSG::4326,39.606667 -93.940833,FEET,12000.0,urn:ogc:def:crs:EPSG::4326,39.606667 -93.940833,KNOTS,-287.0,KNOTS,-132.0,473,205,SWA2132,NaN,ACTIVE,NaN,urn:uuid,f1bbf44f-2f1a-40ed-b3ad-7597f7e8bbe1,SWA,NaN,MSG_SEQ_NO,49011768,NaN,FDPS_GUFI,us.fdps.2024-01-25T22:04:26Z.000/13/500,NaN,FLIGHT_PLAN_SEQ_NO,17,NaN,SOURCE_TIME_AND_SEQ,0251276107,NaN,SOURCE_TIME,02_51_27,NaN,ADSB_POS_174A,39.606667/-93.940833,NaN,ADSB_ALT_175A,12000.0,NaN,ADSB_VEL_176A,-287/-132,NaN,ADSB_TIME_177A,2024-01-26T02:51:21Z,NaN,ADSB_02M_52B,-ABB930,NaN,FEET,12000.0,KN79466500,NaN,,,,,
95,ZKC,TH,SLC,2024-01-26T02:51:27.128Z,KDFW,2024-01-26T04:21:00Z,NaN,ZKC,50,NaN,KBMI,2024-01-26T02:29:00Z,NaN,2024-01-26T02:51:16Z,2024-01-26T02:51:16Z,SURVEILLANCE,KNOTS,386.0,FEET,30000.0,urn:ogc:def:crs:EPSG::4326,39.068611 -90.570278,FEET,30000.0,urn:ogc:def:crs:EPSG::4326,39.068611 -90.570278,KNOTS,-250.0,KNOTS,-297.0,143,287,ENY3620,NaN,DROPPED,NaN,urn:uuid,549648cb-14f3-4ac0-8609-f95378572fcb,ENY,NaN,MSG_SEQ_NO,49011772,NaN,FDPS_GUFI,us.fdps.2024-01-25T20:45:19Z.000/10/500,NaN,FLIGHT_PLAN_SEQ_NO,9,NaN,SOURCE_TIME_AND_SEQ,0251276107,NaN,SOURCE_TIME,02_51_27,NaN,ADSB_POS_174A,39.068611/-90.570278,NaN,ADSB_ALT_175A,30000.0,NaN,ADSB_VEL_176A,-250/-297,NaN,ADSB_TIME_177A,2024-01-26T02:51:16Z,NaN,ADSB_02M_52B,-A26025,NaN,FEET,30000.0,KK06944600,NaN,,,,,
96,ZKC,TH,SLC,2024-01-26T02:51:27.128Z,KONT,2024-01-26T05:35:00Z,NaN,ZKC,27,NaN,KATL,2024-01-26T01:28:00Z,NaN,2024-01-26T02:51:25Z,2024-01-26T02:51:25Z,SURVEILLANCE,KNOTS,404.0,FEET,34000.0,urn:ogc:def:crs:EPSG::4326,36.208889 -94.998333,FEET,34000.0,urn:ogc:def:crs:EPSG::4326,36.208889 -94.997778,KNOTS,-402.0,KNOTS,37.0,871,16,DAL989,NaN,ACTIVE,NaN,urn:uuid,6b3c6b48-b025-4621-96ea-073ce9967268,DAL,NaN,MSG_SEQ_NO,49011775,NaN,FDPS_GUFI,us.fdps.2024-01-26T00:26:00Z.000/19/601,NaN,FLIGHT_PLAN_SEQ_NO,13,NaN,SOURCE_TIME_AND_SEQ,0251276107,NaN,SOURCE_TIME,02_51_27,NaN,ADSB_02M_52B,-A3524E,NaN,,,,,,,,,,,,,FEET,34000.0,KT01560601,NaN,,,,,
97,ZKC,TH,SLC,2024-01-26T02:51:27.128Z,KATL,2024-01-26T04:40:00Z,NaN,ZKC,06,NaN,KDEN,2024-01-26T02:16:00Z,NaN,2024-01-26T02:51:18Z,2024-01-26T02:51:18Z,SURVEILLANCE,KNOTS,446.0,FEET,37000.0,urn:ogc:def:crs:EPSG::4326,38.566667 -99.711389,FEET,37000.0,urn:ogc:def:crs:EPSG::4326,38.566389 -99.710556,KNOTS,388.0,KNOTS,-218.0,091,60,SWA2243,NaN,ACTIVE,NaN,urn:uuid,60d834c0-b0fb-4e18-b5e8-e11f02fc99e7,SWA,NaN,MSG_SEQ_NO,49011776,NaN,FDPS_GUFI,us.fdps.2024-01-26T00:17:32Z.000/03/600,NaN,FLIGHT_PLAN_SEQ_NO,6,NaN,SOURCE_TIME_AND_SEQ,0251276107,NaN,SOURCE_TIME,02_51_27,NaN,ADSB_02M_52B,-ABF2C2,NaN,,,,,,,,,,,,,FEET,37000.0,KD01052600,NaN,,,,,
98,ZKC,TH,SLC,2024-01-26T02:51:27.128Z,KSEA,2024-01-26T05:50:00Z,NaN,ZKC,22,NaN,KDFW,2024-01-26T02:03:00Z,NaN,2024-01-26T02:51:24Z,2024-01-26T02:51:23Z,SURVEILLANCE,KNOTS,470.0,FEET,34100.0,urn:ogc:def:crs:EPSG::4326,37.305278 -101.016389,FEET,34100.0,urn:ogc:def:crs:EPSG::4326,37.305833 -101.016944,KNOTS,-338.0,KNOTS,326.0,371,190,AAL2003,NaN,ACTIVE,NaN,urn:uuid,125727f0-9f7f-48bf-8ac4-93a4c60ab380,AAL,NaN,MSG_SEQ_NO,49011778,NaN,FDPS_GUFI,us.fdps.2024-01-25T23:41:20Z.000/05/500,NaN,FLIGHT_PLAN_SEQ_NO,11,NaN,SOURCE_TIME_AND_SEQ,0251276107,NaN,SOURCE_TIME,02_51_27,NaN,ADSB_02M_52B,-A5A4C1,NaN,,,,,,,,,,,,,FEET,34000.0,KF85280500,NaN,,,,,
99,ZKC,TH,SLC,2024-01-26T02:51:27.128Z,KDEN,2024-01-26T03:28:00Z,NaN,ZKC,22,NaN,KDFW,2024-01-26T02:00:00Z,NaN,2024-01-26T02:51:25Z,2024-01-26T02:51:25Z,SURVEILLANCE,KNOTS,462.0,FEET,34000.0,urn:ogc:def:crs:EPSG::4326,37.375278 -101.535833,FEET,34000.0,urn:ogc:def:crs:EPSG::4326,37.376111 -101.536667,KNOTS,-332.0,KNOTS,321.0,856,349,AAL1322,NaN,ACTIVE,NaN,urn:uuid,646962d2-ab01-4fc5-bf23-f98a4fc7ee67,AAL,NaN,MSG_SEQ_NO,49011779,NaN,FDPS_GUFI,us.fdps.2024-01-25T23:35:21Z.000/05/500,NaN,FLIGHT_PLAN_SEQ_NO,7,NaN,SOURCE_TIME_AND_SEQ,0251276107,NaN,SOURCE_TIME,02_51_27,NaN,ADSB_02M_52B,-A6C88E,NaN,,,,,,,,,,,,,FEET,34000.0,KF84921500,NaN,,,,,
